Unnamed: 0,application_id,field,answer_1,answer_2,answer_3,answer_4,num_reviwers,total_score,average_score,eval_1_ability_15,eval_1_basic_1_10,eval_1_basic_2_10,항목 3,총점.1,종합평가,평가제외,eval_2_ability_15,eval_2_basic_1_10,eval_2_basic_2_10,eval_2_fit_15,총점.2,종합평가.1,평가제외.1
0,C1100310,경력(4급) 기록물관리(나주),"기록물관리 담당자는 공공기록물의 체계적 관리를 통해 업무 수행을 지원하고 법적 안정성을 보장해야 합니다. 또한 중요 기록을 활용하여 대내외 정체성을 강화하여야 합니다. 특히 한국농수산식품유통공사는 최근 전통 식품 명인의 기술과 지혜를 기록화하여 가치를 확장하고 위상을 공공히하고 있습니다. 저는 지자체에서 역사기록물 관리 체계를 운영하고 기억의 층위 속 정체성을 포착하여 확장하고자 노력하였습니다. 특히 4,000여건의 역사 자료를 분석하여 분류 및 기술 체계를 구축하였으며, 관리기준표를 수립하였습니다. 더불어 정보를 디지털로 변환하여 전시·교육 등 업무 간 커넥트 기반을 마련하였습니다. 또한 중요 기록 자료의 가치 확장을 위한 기획전시 추진과 아카이브 구축 기반을 마련하는 등 기관 정체성을 대내외 확장하고자 노력하였습니다. 이상 저의 실무경험을 바탕으로 한국농수산식품유통공사의 기록관리 고도화를 이륙하고 중요 기록 자료를 포착하여 미래 가치 및 위상을 제고하는데 최선을 다하겠습니다.",지자체 근무 당시 임용 전 기증했던 기증품과 관련하여 기증자가 새로운 자료와 교환을 요청하는 상황이 발생했습니다. 저는 소유권 이전과 감정평가 이후 해당 기증품이 정식으로 지자체에 귀속된 점을 설명했습니다. 그러나 기증자는 과거 교환 사례를 근거로 시의원에게 민원을 제기하였습니다. 이에 부서장은 기증자의 요청에 응할 것을 지시하였으나 저는 「박미법」등 법적 사항을 토대로 불가한 사유를 보고하였습니다. 이 과정에서 문제 해결을 위해 상당한 시간과 노력을 기울였습니다. 이와 더불어 민원인의 기분이 상하지 않고 원만한 해결을 위해 부서장과 교환 불가 사유를 정중히 말씀드렸습니다. 이 결과 교환하고자 했던 자료를 추가로 기증하는 것으로 해결할 수 있었습니다.이를 통해 저는 갈등 상황 발생 시 공정성과 원칙을 기준으로 업무를 수행하여 잘못된 선례를 남기지 않고 조직의 신뢰를 지켜야 함을 배웠습니다. 앞으로도 갈등 상황 발생 시 공정과 원칙을 기준으로 업무 목표를 달성하도록 하겠습니다.,근무 당시 부서 공통 업무가 발생할 때마다 업무를 미루는 상황이 발생했습니다. 이에 저는 직접 업무를 맡아 처리하여 해결하고자 하였으나 현상은 지속되었고 부서 효율성이 저하되고 있음을 느꼈습니다. 이에 저는 문제를 분석하여 팀원들이 공통 업무에 대한 책임감을 느끼지 못하는 구조가 문제 원인임을 도출하였습니다. 이후 부서 차석에게 문제를 공유하고 회의를 열자고 제안하였습니다. 첫 회의는 팀원들의 소극적인 참여로 성과를 얻지 못하였습니다. 이에 저는 두 번째 회의에서 브레인스토밍 기법을 도입해 의견 개진을 유도하였습니다. 또한 델파이 기법을 적용하여 결론을 도출하였고 공통 업무를 매달 돌아가며 맡는 방식으로 합의하였습니다. 이후 공통 업무 누락 문제가 사라졌고 협업이 원활하게 진행되었습니다. 이 경험을 통해 원인 파악이 잘못되면 해결이 어렵다는 점과 소통을 통해 해결책을 마련할 수 있음을 배웠습니다. 앞으로도 원인 분석과 소통을 중요하게 여기며 성장을 위한 해결책을 모색하겠습니다.,"기후 위기에 따른 식량 위기와 식량 안보라는 개념이 등장하고 새로운 담론이 생산되고 있습니다. 이에 우리나라 농식품 문화의 해석과 위상이 재편되고 있다고 판단합니다. 이러한 변화는 농식품 유통사의 새로운 체계를 생산함과 동시에 미래 해답을 모색하는 도전과 기회로 발현되고 있다고 생각됩니다. 과거 저는 지자체에서 농업 유통 역사 관련 전시를 기획하고, 공공기관 기록물 담당자로 기록관리 전문성을 높이고자 노력하였습니다. 그러나 포스트 휴먼 시대의 도래와 함께 급변하는 농식품유통 환경 변화를 명확히 포착하고 확장하는 것은 고도의 전문성이 필요하다고 생각합니다. 앞으로 저는 공사 내 기록물을 분석하여 기관의 정체성을 확고히 하고 해외 농식품유통 기록을 발굴하고 포섭하는 전문성 배양하고자 합니다. 이를 통해 공사의 기록물을 새로운 담론의 장으로 발전시켜 대표기관으로 확장하는 임무를 수행하겠습니다. 또한 지속적인 학습을 통해 전문인으로서 역량을 강화하고 공사 발전에 이바지하겠습니다.",2,69,34.5,9,10,8,12,39,,,9,6,6,9,30,,
1,C1100344,경력(4급) 기록물관리(나주),"저는 기록물 관리 직무수행능력을 키우기 위하여 기록연구사로 임용되기 전부터 국가기록원에서 주관하는 예비전문요원 관리과정을 이수하며 대학원에서 배운 이론과 실무를 접목하기 위해 노력했습니다. 기록연구사로 임용된 이후에도 신문전문요원과정과 첫 기록물 평가폐기를 하기 전 선임 기록연구사들의 사례와 실무를 배우기 위해 기록물 선별평가과정을 이수하며 실무에서 간과할 수 있는 오류를 줄이기 위해 노력했습니다. 또한, 시대가 변화함에 따라 빠르게 변화하는 기록물 관리 분야에 적절히 대응하고자 국제기록관리포럼, 기록인대회 등에 적극적으로 참여하며 국내외 기록관리 동향을 파악하는데 힘썼고, 업무 현장에 반영하기 위하여 노력했습니다. 이러한 경험들은 기록물 관리의 세부적인 과정과 업무 담당자로서 주의해야 하는 요소들에 대해 실무적으로 이해하는데 많은 도움이 되었습니다. 입사 후 이러한 경험을 바탕으로 기록물을 체계적으로 관리하여 공사 기록물의 접근성과 다양한 활용도를 높이는데 이바지하고자 합니다.","기록물 관리의 중요성에 대한 인식의 부족으로 처리과에서는 기관 역사기록물을 방치하고 있었습니다. 동시에 흩어져 있는 기관 역사기록물의 전문적인 관리와 가치 있는 기록유산 발굴에 대한 요구가 증가하고 있었습니다. 저는 체계적인 '기관 아카이브' 구축으로 우리 기관 기록물 관리의 패러다임 변화를 주장하였고, 처리과에서는 업무 과중과 예산 부족으로 추진의 어려움을 이야기했습니다. 이러한 갈등을 해소하기 위해 아카이브 구축 사업의 주관은 '기록관'임을 명확히 하여 책임 있는 행정 구현을 위해 노력하였고, 예산이 수반되는 사업은 기록관에서 추가경정예산을 확보하여 업무지원을 하였습니다. 또한, 처리과에 세부적인 업무 분장을 전달하여 체계적인 업무수행이 가능하게 하였습니다. 이 경험으로 이견이 있을 때 단순히 맞다 틀리다의 접근이 아닌 공동 목표 달성을 위한 부서 간 협업 체계의 중요성을 깨닫게 되었고, 업무수행 시 예상되는 실무상 어려움을 고려하여 계획 단계부터 반영하게 되었습니다.","기관 기록정보서비스 제공을 위해 시청각기록물 전시회를 개최하며 전시 주제 선정 시 다양한 이용자를 고려하지 못하여 어려움을 겪었던 사례가 있습니다. 전시회 만족도 조사 때 '전시회 주제 만족도'와 '기록관리 인식 개선'에서는 긍정적인 피드백을 받았으나 세부 의견에서 '전시된 기록물이 1900년대 기록물이 주가 되어 MZ세대의 공감을 끌어내기엔 역부족이었다.' 등의 피드백을 받게 되었습니다. 이에 많은 세대의 공감을 끌어내는 전시를 개최하고자 사진에만 국한된 시청각기록물이 아닌 최신 편집이 반영된 영상 기록물을 생산하여 적극 활용하였고, 과거와 현재가 명확히 대비되는 전시를 기획하여 호평을 받게 되었습니다. 저는 이 경험을 통해 문제 원인을 정확히 분석하여 업무에 반영하는 것이 문제 해결의 첫걸음임을 배웠고, 다각적인 검토가 중요하다는 것을 깨닫게 되었습니다. 이후 업무를 추진하며 난관에 봉착했을 때 원인을 파악하는 데 집중하고 해결하기 위해 노력하게 되었습니다.","저는 '도전인'으로서의 역량이 부족하다고 느낀 경험이 있습니다. 새로운 사업 추진을 검토할 때 예산 확보가 어려워 사업이 추진되지 못한 적이 있습니다. 당시에는 예산을 확보하는 안전한 방식을 선호해 다양한 예산 확보 방안을 고려하지 못하였습니다. 익숙하지 않은 예산 확보 방안을 채택했을 때 관리자들을 설득하는데 발생하는 어려움과 예측하기 어려운 리스크를 우려해 보수적인 판단을 하게 되었습니다. 하지만 비슷한 시기에 다른 사업을 추진했던 부서에서 예산 확보에 성공해 업무를 추진하는 것을 보며 저의 판단이 소극적이었다는 것을 깨닫게 되었습니다. 이러한 부족함을 극복하기 위해 유연한 사고로 업무에 임하게 되었고, 업무 추진 시 발생하는 리스크를 사전에 검토함으로써 업무 목표를 달성하기 위한 적극 행정을 추진하게 되었습니다. 입사 후에도 끊임없이 도전하는 자세로 한국농수산식품유통공사 기록물 관리의 혁신과 성장을 함께 이끌어가는 인재가 되겠습니다.",2,76,38.0,15,8,8,12,43,,,12,6,6,9,33,,
2,C1100354,경력(4급) 기록물관리(나주),"첫째, 학교에서 배운 이론을 현장에서 적용하며 익혔습니다. 아무리 이론을 잘 안다고 해도 현장에서 적용할 수 없다면 아무런 소용이 없다고 생각하여 이론을 토대로 법원도서관에서 기록물관리를 하였습니다. 현장에서 일하는 것이 처음이라 시행착오가 많았지만, 시행착오를 겪으면서 머리가 아닌 몸으로 배울 수 있었습니다. 둘째, 기록연구사가 되기 위해 기록관리학 전공 공부를 열심히 하였습니다. 기록연구사 시험에 최종 불합격하였지만 이론 공부를 열심히 한 덕분에 실무를 하는 데 많은 도움이 되었습니다. 셋째, 시흥 도시공사 및 노사발전재단에서 기록물관리 실무 경험하였습니다. 기록물 분류표 작성이나, 기록물평가심의회 진행 등 다른 기관 같은 경우 외주를 줄 수 있는 업무를 야근과 주말 출근을 하면서 직접 처리하였습니다. 매우 힘들고 고생스러웠지만, 외주가 아닌 직접 경험은 질적으로 매우 큰 발전을 할 수 있었습니다.","시흥 도시공사에 입사한 지 3개월 정도 되었을 때, 사업 부분 중 일부 민영화가 결정되어 서고를 갑작스럽게 이전해야 하는 상황이 발생하였습니다. 예상하지 못한 상황이었으므로, 예산 및 인력 편성이 되어 있지 않은 상태였습니다. 10여 개의 장소를 조사하고 담당자를 만나 설득하였습니다. 그 이유 때문인지 관리 책임 등으로 누구 하나 섣불리 장소를 제공하지 않았습니다. 서고 이전 후보지를 다니면서, 임원들 및 각 팀장을 만나 안전한 거고 관리가 왜 필요하고 중요한지 설명하고 설득 끝에 공사 내 최종 서고 이전 공간을 마련하여 이전을 진행하였습니다. 이동 차량, 인원, 상자, 제습기 등 처음부터 끝까지 준비하여 직접 포장하고 나르고 정리하였습니다. 책상에 앉아서 행정적인 업무만 하는 줄 알았는데, 이삿짐센터 직원처럼 목장갑을 끼고 땀을 뻘뻘 흘리며 직원들과 함께 작업 하였습니다. 무사히 서고 이전을 마친 덕분에 기존 서고보다 안전하고 효율적인 기록관리가 가능하게 되었습니다.","그동안 기록관리를 하면서 가장 힘들었던 점은 대부분 기관에서 기록관리가 왜 필요한지, 어떻게 하는 것인지 알지 못하는 상황에서 업무를 하는 것이었습니다. 그래서 원활한 기록관리 업무를 하기 위해서 기록관리 교육을 가장 먼저 필요하다고 생각하였습니다. 특히 기록관리를 처음 접하는 임직원들을 대상으로 얕은 지식이나마 정기적으로 교육을 진행하였습니다. 초반에는 잘 알아듣지 못하시는 분들도 계시고 지루해하신 분들도 계셨지만, 횟수가 거듭될수록 기록관리에 대한 기본 지식이 향상되고 사뭇 진지하게 임하는 모습을 보면서 더욱 책임감을 느꼈습니다. 그 결과 차츰 직원들이 기록관리 업무를 이해하고, 활용하는 모습을 볼 수 있었습니다. 기록관리에 대한 모든 것이 새로운 시도였지만, 가장 기억에 남는 것은 기록관리 교육을 한 것입니다. 더욱이 기록관리에 대한 이해가 부족한 조직이라면 가장 먼저 교육을 통하여 인식을 변화시키고 싶습니다.","'선발투수', '외주업체'. '멀티 맨' 이 3가지가 제 능력 특징을 나타낼 수 있는 키워드입니다. 첫째, 선발투수는 기록물관리를 단 한 번도 하지 않았던 기관에 최초로 채용되어 기록관 운영내규 제정, 기록물관리 시스템(RMS) 도입, 기록물평가심의회 진행 및 기록물 폐기, 이관, 기록물 보존서고 마련, 임직원 기록물관리 기초교육, 기록물 분류체계 작성 등을 하였습니다. 둘째, 외주업체는 일반적으로 기록물관리 예산이 있다면 기록물 전수조사 및 이관 등은 외주업체에 맡기는 경우가 많지만, 기관 여건상 외주업체에 맡기는 것이 불가능하여 방진 마스크, 목장갑 등을 갖추고 직접 전수조사를 하였습니다. 그리고 이관에 필요한 상자를 근처 대형상점에서 종이상자를 조금씩 모아서 사용하였습니다. 셋째, 멀티 맨 기록관리와 총무를 병행하였습니다. 기록관리 업무분장만 한다면 개인적으로는 편하겠지만, 기록관리 업무 이외에도 총무를 병행하면서 다른 직원들과의 소통할 기회가 많았습니다.",2,54,27.0,9,8,6,6,29,,,6,6,4,9,25,,
3,C1100451,경력(4급) 기록물관리(나주),"여느 전문인력 처럼 자신의 분야의 전문성을 강화하고 추세에 뒤처지지 않기 위한 노력은 꾸준히 이어왔습니다. 국가기록원 주관의 세미나에 참여하고 전문가들의 논문, 제언 등을 읽거나 동종 분야의 전문 인력들과의 소통 및 교류 등이 여기 해당 될 것입니다. 이런 노력에 더해 관심을 가지고 있는 부분은 기관에 대한 이해입니다. 소속 기관이 어떤 목표를 가지고 있고 실제로 어떤 업무를 수행하며 거기서 구체적으로 어떻게 기록물을 생산하는지에 대한 이해는 기록물관리의 본질 중 하나이기 때문입니다. 가령 aT라는 조직이 관심을 두는 분야에 대한 이해가 높으면 조직이 필요로 하는 기록정보를 효율적으로 제공할 수 있고 이는 즉각적으로 성과에 긍정적인 영향을 줄 것입니다. 실제로 기관의 특수성을 충실히 반영하여 기록관리시스템을 구축하고 기록정보 제공을 한 경험이 있는데 행정 효율이 비교할 수 없을 정도로 개선되었습니다. 단순히 관련법만 되뇌는 것이 아닌, 기관에 필요한 기록관리를 하는 것이 목표입니다.","기록관리 업무는 종종 구성원들과 갈등을 일으키기도 합니다. 대부분의 경우 상호간 업무에 대한 이해 부족으로 나타나는 문제인데 적극적인 소통의 자세(‘경청’과 ‘대안제시’)로 문제를 해결하곤 했습니다. 그 중 가장 인상적이었던 지방이전 경험을 소개 합니다. 당시 직원들은 자신이 보관하던 기록물을 임의로 폐기하려 했고 제지하는 제게 상당한 불만을 가지고 있었습니다. 상황보고 및 즉각 중단 조치에 이어 가장 먼저 한 행동은 의견청취였습니다. 직원들이 기록관리에 대한 이해는 전무할 수밖에 없는 상황이었기에 원하는 것이 무엇인지 들으려 했던 것입니다. 예상대로 짧은 일정, 이전 물품 제한, 기록관리 담당자의 늦은 채용 등으로 인한 어려움이 있는 상황이었고 저는 즉시 다음 행동을 취했습니다. 전 직원에게 한 공간에 기록물을 부서별로 모으게 했고, 해당 기록물을 밤을 새며 정리했습니다. 신입교육 기간이었는데 교육을 반납하며 이전 전날 까지 야근을해 겨우 긴급한 상황을 마무리 할 수 있었습니다.","기록물 정리 및 전자화, 분류체계 도입 등 용역사업을 추진할 때의 경험입니다. 당시 저는 기록물을 실제 활용하는 직원들이 필요한 방향으로 사업을 진행하기 위해 상당한 고민을 했습니다. 직원들에게 사업 설명을 하고 익명으로 의견을 받는 등 노력을 했는데 의도와는 다소 다른 방향의 답이 회신되었습니다. 설문 회신율도 낮았고 답변도 제 각각이었으며 사실상 활용 가치가 낮은 답변의 비중도 높았습니다. 저의 전문성을 바탕으로 사업을 그대로 추진해도 되었으나 다른 측면에서의 접근을 결정했습니다. 세분화 된 선택지를 그룹으로 묶고 문항을 대폭 줄이는 등 설문 자체의 자유도를 제한했고 결과는 만족스러웠습니다. '어떤 기록물의 전자화가 우선적으로 필요하다'던가, '추후 사업에는 어떤 점이 필요하다' 같은 유의미한 답이 회신되었는데 이는 3년에 걸친 사업에서 매우 유의미한 자료로 활용할 수 있었습니다. 실제 해당 사업은 직원들의 만족도가 높았고 관련 산출물을 계속해서 업무에서 활용하고는 했습니다.","소통을 바탕으로 전문성을 발휘하는 부분에는 자신이 있었고 계속해서 강화해왔지만, 도전적인 모습은 다소 부족했던 것 같습니다. 묵묵히 자신의 일을 수행하면 평가가 따라올 것이라 믿었고, 맡겨진 일부터 단단히 해내자는 생각이었습니다. 실제로 그런 자세로 업무를 수행하던 중, 직장 선배에게 '그런 장점에 더해 적극성을 가지고 새로운 가치를 만들어 낼 수 있다면 더욱 가시적인 성과를 얻을 수 있을 것'이라는 조언을 들었습니다. 그 이후 업무와 성과에 대한 설명을 늘리고, 자신을 더 능동적으로 드러내기 시작했습니다. 그 결과 기록관리 관련 유공으로 농식품부 장관상을 수상했으며, 기록관리 외 업무에서도 외부 인증을 다수 획득하여 조직 내에서 존재감을 드러내는 성과를 얻었습니다. 이러한 경험은 제게 큰 만족감을 주었고, 더 나아가 발전하고 싶은 동기부여가 되었습니다. 계속해서 도전 정신을 바탕으로 능동적으로 시도하여, 개인의 성취를 넘어 조직에 실질적인 영향을 미치는 성과를 만들어내고자 합니다.",2,72,36.0,9,6,10,12,37,,,12,6,8,9,35,,
4,C1100609,경력(4급) 기록물관리(나주),"저는 기초자치단체 기록연구사의 장기 부재 상황에 채용되어 직원 교육, 지도점검, 전수조사, 이관, 평가, 폐기 등을 순차적으로 진행하여 기록관리체계를 복구했습니다. 또한 이중잠금장치 설치, 항온항습기 유지보수 등 보존서고 환경을 개선하고, 기록물 재난대비 키트 구비, 중요·필수기록물 선정 등 재난대책을 강구하였습니다. 방치된 기록관리기준표를 현행화하여 시스템간 연동을 통해 정상화하으며, 인증서가 만료되거나 자동화 데몬이 정지하여 각종 오류가 발생한 표준기록관리시스템의 기능을 복구하여 전자기록물 이관을 집중 추진하였습니다. 마지막으로 정보공개 제도운영에 노력을 기울여 기관등급을 매년 향상시켜 ‘미흡’에서 ‘우수’등급으로 끌어올렸습니다.그간의 경험을 통해 기록관리란 전문요원 혼자만의 노력이 아닌 꾸준한 관리와 교육, 연구, 협업을 통해 이루어지는 것임을 알았습니다. 앞으로도 이 점을 잊지 않고 정진하여 한국농수산식품유통공사의 기록관리체계를 꾸준히 이어나가겠습니다.","정보공개 청구 관련하여 지역조합주택 조합원 일부가 계속된 추가분담금과 조합과의 갈등으로 비상대책위원회를 구성하고자 '연락처를 포함한 조합원 명부'를 청구한 일이 있었습니다. 업무부서(주택과)는 개별법(주택법)상 조합-조합원 간 공개할 정보이므로 이를 일일이 응대하고 싶지 않다며 비공개 결정하였고, 이의신청을 통해 정보공개심의회로 이어졌습니다. 다수인 민원으로 구청장실 방문과 의원실 연락 등 집단 갈등 또한 고조되었습니다. 이때 정보공개심의회 담당자로서 일정조건(①구청이 자료를 보유할 것 ②청구인이 현행 조합원 자격일 것 ③조합-조합원 간 정보공개 불응을 입증할 것 ③권리구제사유를 청구인이 입증할 것)을 충족할 경우에 한해 공개하는 부분인용 의견을 냈고, 변호사 등 위원과 부서, 청구인 모두 이를 수긍하여 공개에 이르렀습니다. 부서 또한 주택법의 취지를 살리면서도 업무부담을 줄이는 결과에 만족하였고, 이는 조합원의 추가 손실을 막은 적극행정 사례로 기사화되어 자긍심을 느꼈습니다.","현재 사는 집은 2006년식 구축아파트라 방마다 창고용 베란다가 있습니다. 처음 이사 올 때는 물건이 많지 않다 보니 그 베란다에 자주 안 쓰는 물건을 리빙박스에 넣어 두었습니다. 대부분 계절별로 정리할만한 물건이라 당분간은 어려움이 없었습니다. 그러나 살면서 점점 살림살이가 늘어나고, 계절용품이 아닌 물건들을 둘 서랍이 넉넉하지 않다보니 물건 하나를 꺼내려면 하루에도 몇 번씩 리빙박스를 들여다봐야 했습니다. 점점 물건 하나를 꺼내려면 드는 에너지가 많아져서 새로운 물건을 비닐째 쌓아두게 되었고, 나중에는 정리가 밀려가며 찾는 데 시간을 낭비하거나 중복구매로 이어졌습니다. 처음부터 베란다에 서랍을 둘 것을요. 결국 서랍으로 교체해 대대적으로 다시 정리하여 이름표를 붙이고, 창고에 쓸 최소한의 리빙박스만 남겨두니 깔끔하고 편한 살림이 되었습니다. 기록관리도 이와 마찬가지입니다. 적절하고 편리한 보존장비, 매체, 도구를 활용하여 적시에 정리하지 않으면 추후 검색과 활용이 어려워집니다.","공사 인재상 중 저에게 가장 부족하다고 생각하는 부분은 '도전인(Passion)'입니다. 1999년 제정된 공공기록물법은 당초 비전자(종이기록물 등) 기반 환경에서 제정된 법이며, 이후 현재에 이르기까지 빠르게 전자기록환경으로 변화하였습니다. 정책적으로도, 기술적으로도 계속해서 시행착오가 있었으며 때로는 전문가라는 말이 무색할 정도로 계속 새로이 탐구하고 의견을 개진해야만 기술변화에 대응할 수 있는 분야입니다. 자료관시스템, 기록관리시스템(RMS), 클라우드RMS(cRMS), 기록물통합서비스플랫폼 등 새로운 시스템이 개발·도입됨을 보면서 때로는 관리대상의 방대한 양과 끊임없는 환경 변화에 인간적으로 무력감을 느끼기도 했습니다. 그러나 한편으로는 사명감을 갖고 꾸준히 탐구하도록 전문가의 지위를 부여하는 것이라고도 생각합니다. 어떠한 환경변화에도 애로 없이 기록물을 전승·활용할 수 있도록 포맷을 적시에 변환하고 기술을 연구하여 지속 가능한 공공기록물 관리를 실현하겠습니다.",2,64,32.0,12,6,4,12,34,,,9,8,4,9,30,,
5,C1100635,경력(4급) 기록물관리(나주),"기관에 대한 고객들의 요구는 더욱 고차원적이고 전문적인 부분으로 확장되고 있습니다. 기관의 가장 중추적인 역할을 하는 기록물관리 업무가 원활하게 진행됐을 때 고객 만족이라는 결과를 가져올 수 있다고 생각하고 있습니다. 중요 업무의 담당자로서 교과과정 외 전문성 확보를 위해 많은 노력을 했습니다. 관련 법령 및 지침의 숙지, 온·오프라인 교육의 적극적인 참여를 통해 업무 역량 강화를 위해 노력했습니다. 그뿐만 아니라 인사, 서무, 경리, 사업 등 다양한 분야의 업무 경험을 갖고 있기 때문에 처리과 담당자들과 효율적인 소통이 가능하다는 강점을 갖고 있습니다. 제가 가진 업무 역량과 경험을 바탕으로 공사의 기록관리체계를 구축하기 위해서 노력하도록 하겠습니다. 기록물관리는 빠르게 변화하고 있는 분야의 업무입니다. 업무 담당자로서 꾸준한 학습과 연구를 바탕으로 변화하는 기록관리 업무 분야의 내용을 구성원들과 공유하고 기관 기록물관리 업무에 반영하는 담당자가 될 수 있도록 하겠습니다.","재직중인 기관의 처리과 담당자들의 기록물관리에 대한 이해와 중요성 인식이 결여된 상태였습니다. 기록물관리 업무는 추가적인 업무가 부가된다는 인식이 강해서 거부감이 많은 상태였습니다. 이런 조직원들의 인식개선과 교육 또한 기관 기록물관리 담당자의 역할이라고 생각했습니다. 먼저, 기록물관리에 대한 처리과 담당자들의 생각과 의견을 경청하고 담당자로서 조직원들의 인식개선을 위해 기록물 관리의 이점과 중요성에 대해 설명하고 업무의 효율성을 보장하는 업무가 기록물관리라는 것을 강조했습니다. 이관·폐기를 통해 부서 사무 공간 확보를 할 수 있고, 서고 보존을 통해 기록물의 멸실과 유실을 방지할 수 있다는 장점 등 기록물관리의 이점에 대해 설명했습니다. 그 결과 기록물 정리와 이관을 통해서 체계적인 기록관리 체계를 구축할 수 있었습니다. 입사를 하게 된다면 처리과 담당자들의 의견을 경청하고 강압적인 태도보다는 조력자로서의 역할을 수행할 수 있는 담당자가 될 수 있도록 하겠습니다.",재직했던 기관에서 조직 진단을 위한 외부 경영 컨설팅을 담당하여 진행한 경험이 있습니다. 컨설팅 초기 직원들의 참여도가 너무 낮아서 컨설팅 진행이 원활하게 이루어지지 않았습니다. 담당자로서 저는 홍보 부족이 원인이라고 생각 했습니다. 각 팀별 간담회 진행을 통해 직원들과 소통하며 원인을 파악할 수 있었습니다. 업무시간 중 시간 할애에 대한 부담이라는 원인을 확인할 수 있었습니다. 이런 문제를 해결하기 위해 조직진단이라는 컨설팅의 중요성을 팀마다 방문하여 설명하고 매주 팀별 진행 상황을 체크하고 각 팀의 팀원들과 내용 공유를 했습니다. 직원들의 참여도를 높이기 위해 각 설문과 협조사항마다 시간을 산정하여 참여도에 따른 직원들의 휴게시간 보장을 가능하게 했습니다. 그 결과 많은 직원들이 적극적으로 참여하여 컨설팅을 마칠 수 있었고 좋은 결과를 얻을 수 있었습니다. 담당자로서 조직원들과 소통하며 공동의 목표 달성을 위해 업무를 해나가는 방법을 알게 해준 소중한 경험이었습니다.,"한국농수산식품유통공사의 인재상 전문인, 도전인, 소통인 모두 중요한 덕목이라고 생각하고 있습니다. 세 가지 인재상 중 보강이 필요한 부분은 소통인 덕목이라고 생각합니다. 가장 자신 있는 덕목이기도 하지만 개선이 필요한 부분도 있다고 생각하고 있습니다. 담당업무 초기에는 기록물관리 업무의 기반인 「공공기록물 법」을 예로 들며 권위 의식을 갖고 업무를 진행했었습니다. 하지만 법령을 기준으로 대화를 진행했을 때 상대방과 교감이 잘 이루어지지 않았습니다. 기관의 기록물관리 업무는 전문요원 혼자 할 수 있는 부분이 아닙니다. 담당자로서 조력자의 마인드를 가지고 경청하고 소통 했을 때 처리과 담당자들의 공감을 얻을 수 있었고 좋은 결과를 가져올 수 있다는 것을 경험했습니다. 담당자로서 처리과 담당자들과 효율적으로 소통할 수 있는 기술들을 심도있게 학습할 수 있도록 하겠습니다. 혼자만 하는 기록물관리가 아닌 공사 전체가 함께하는 기록물관리 업무가 될 수 있도록 하겠습니다.",2,64,32.0,9,8,10,12,39,,,6,4,6,9,25,,
6,C1100682,경력(4급) 기록물관리(나주),"저는 현재 회사에서 기록물관리전문요원으로 약 6년간 기록관리 업무를 하면서 업무의 투명성과 효율성을 높이기 위해 본사를 포함해 전국에 있는 사업소 기록물을 관리하고 있습니다. 또한 전자결재시스템 및 기록관리시스템을 담당하여 시스템 고도화 작업, 비전자문서 전자화 작업, 기능분류체계구축 사업 등을 하였고 정보공개, 국회요구자료, 직원교육, 기록물콘테스트, 행정박물 전시 등 기록물을 활용한 행사를 하였으며 회사의 기록관을 기록물 보존뿐만 아니라 제한구역을 제외한 공간을 북카페로 운영하면서 직원들이 필요로 하는 도서와 잡지를 구비하여 운영하여 직원들의 행복한 일터가 될 수 있도록 하고 있습니다. 이러한 점은 기록물에 대한 직원들의 인식을 개선하는 계기가 되었으며, 기록물 보존에서 정보서비스 및 활용까지 확대한 공을 국가기록원에 인정받아 2019년 행정안전부 장관상을 수상하였습니다. 저의 다양한 업무 경험이 한국농수산식품유통공사 기록관리에 많은 도움이 될 수 있었으면 좋겠습니다.",기록관리 업무는 기록관리전문요원 혼자하는 업무가 아닌 전 직원의 협조가 필요한 업무입니다. 따라서 생산부서의 직원들의 협조를 요청할 때 갈등이 생기거나 서로 기분이 상할 수 있는 일이 자주 발생하게 됩니다. 저도 처음에 업무를 요청할 때 직원분들이 관심 없고 필요로 할 때만 찾는 것을 알고 한 직원분의 협조요청에 저번에 저의 요청업무를 안해줬으니 나도 협조 안해주겠다 강한 태도로 말을 했었습니다. 그러자 그분도 기분이 상하여 서로 비협조적인 상황이 지속될 상황이 될뻔했으나 저의 그동안 다른 업무 경험으로 회사사람들과 불편하게 지내는 것은 저의 손해이며 특히 기록관리처럼 전 직원 협조가 필요한 업무에서는 내가 먼저 사과하고 업무 협조가 필요하다는걸 알고 있었습니다. 그래서 바로 직원분에게 직접 찾아가 저의 상황을 설명 및 사과드리고 앞으로의 업무 방향에 대해 말을 하니 상대방도 그땐 몰랐고 바빠서 그랬다면서 미안하다고 사과하여 좋게 해결되었습니다.,"졸업 논문을 준비하면서 국가기록원 사이트 이용자 현황 빅데이터를 분석하여 이용자 서비스 방안을 제시하는 주제를 정하여 하려고 했습니다. 하지만 저는 빅데이터에 대해서 개념만 알았고 그 외 빅데이터를 어떻게 분석하고 활용해야 하는지 빅데이터에 대한 지식이 백지상태였습니다. 빅데이터에 대한 지식이 없던 저는 논문을 써야겠다는 일념으로 유사기관에서는 빅데이터를 어떻게 활용하는지 찾아보았고 빅데이터 관련 전문가, 교수님, 교육원을 찾아다니면서 공부를 하였습니다. 그러나 빅데이터 분석 프로그램은 저에게 큰 난간이었습니다. 단기간 배워서 되는 것이 아니었습니다. 좌절하던 저는 검색, 전문가 의견을 반영한 빅데이터 분석프로그램과 유사한 엑셀 피벗 테이블을 활용하여 분석할 수 있었습니다. 비록 빅데이터 분석 프로그램을 활용하여 분석할 수 없었지만 저는 이 주제를 정하면서 수집한 데이터를 가공, 활용하는 법을 배울 수 있었고 방법이 없으면 어떻게든 배우고 찾아내는 저의 책임감이 좋았습니다.",“그게 무엇이든 내가 다 해 낼 것들!” 이 말은 제가 저에게 스스로 거는 주문입니다. 저는 어떤 일을 시작하기 전에 내 선택이 옳은 것일까? 이 일이 잘 될까? 하는 두려움과 고민을 갖고 도전하기 보다는 스스로 포기하는게 많았습니다. 한 예로 대학교때 교환학생을 가고 싶었지만 혼자 타국에서 살아야한다는게 두려워 포기하게 되었고 이 경험을 놓친게 아직도 후회됩니다. 이렇게 다양한 기회를 놓치게 되면서 저에게 자신감을 주고 제가 맡은 일에 책임감을 갖기 위해 저 주문을 사용하게 되었습니다. 일이 잘 될 것이라는 생각과 결국엔 내가 해낸다는 마음으로 제가 포기하지 않고 긍정적으로 할 수 있다고 생각하면 그게 무엇이든 저는 다 할 수 있을 것이라 생각합니다. 따라서 제 자신이 맡은 일은 책임감 있게 해내고 싶습니다!,2,54,27.0,12,4,4,6,26,,,9,4,6,9,28,,
7,C1100786,경력(4급) 기록물관리(나주),"기록연구사로서 근무지에서 처음으로 기록물관리의 필요성을 알리고, 기록관리기준표 작성 및 문서관리 규정을 만들어 배포하였습니다. 또한 학업 중 조별 프로젝트로 학교기록물 관리 표준 개정(안)을 제시하여 국가기록원의 학교기록물 관리 지침에 해당(안)이 반영되는 결과를 얻었고, 민간아카이브 사업에 연구원으로 참여하여 마을아카이브 사업보고서를 주도적으로 완성하기도 하였습니다. 또한 기록물 생산자료에 대한 통계적 분석 능력을 키우기 위해 SPSS 교육을 수강하여 역량을 갖출 수 있도록 노력하였습니다. 어느 조직에 가서든 필수적인 역량은 기본적인 의사소통 능력, 행정 사무처리 능력, 비판적 사고능력과 문제해결 능력일 것입니다. 현재 조직의 전반적인 행정 업무를 맡아 각 팀 간의 이견 조율, 채용, 운영위원회 운영, 취업규칙, 인사규정 제정, 회계 정보공시 등 다양한 행정 실무 경험을 통해 어떤 업무를 맡더라도 빠르게 적응할 수 있는 역량을 갖추고 있습니다.","사회초년기 근무했던 회사는 취업규칙이나 인사규정, 내부결재 시스템 등이 별도로 없는 등 체계가 갖춰지지 않은 곳이었습니다. 카드 내역을 메일이나 구두로 보고하거나 사용한 영수증 증빙 제출도 하지 않는 등 관리 체계가 없어 직접 회사 내부규정을 정비하고, 근태 관리 등의 기본적 관리 시스템을 전자화하며, 문서 시스템을 전자결재로 바로 업로드하고 체계를 구축해야한다고 건의 하였습니다. 그러나 대표님은 잘 운영되고있는데 이렇게 체계와 시스템을 비용과 시간을 들여 갖춰야하는건지 모르겠다는 반응을 보였고, 거절의사를 비췄으나 저는 포기하지않고 기업의 규모가 커지려면 경영의 효율화를 먼저 이뤄야하는데 비용 대비 효과가 유,무형으로 살펴본다면 약 3배 이상 될 것이라고 대표를 설득했습니다. 결국 제 의견대로 회사의 체계가 정비되고 전자결재 시스템이 구축되었는데 저는 일개 직원일 뿐이었지만 이듬해 회사 매출과 규모의 성장이 이뤄져 내심 뿌듯했던 기억이 있습니다.","제가 겪은 어려운 경험 중 하나는 부서 간의 기록 통합 및 관리 시스템 개선이 협조가 잘 되지않는다는 점이었습니다. 여러 부서에서 관리하던 기록들이 중복되거나 보안을 이유로 비밀리에 관리되고 있었으며 이를 하나로 통합하여 효율적이고 일관된 시스템으로 개선하는 것이 저의 목표였습니다. 처음에는 부서의 의견을 귀기울여 듣지않고 제 지식만으로 통합관리 매뉴얼을 만들어 배포하면 빠르고 정확한 기록관리 체계를 만들 수 있을 것이라고 생각했지만 실제 현장의 실무를 제가 다 파악하지 못한 상황에서 탁상행정식으로 단순하게 생각했다는 것을 깨닫게 되었습니다. 이후 다시 각 부서의 필요와 요구사항을 최대한 수집하여 통합 시스템에서 필요한 기능과 개선점을 도출하고자 수많은 회의를 거쳤고, 경계하던 직원들도 진심을 다해 관계를 맺고 다가가니 결국 협업이 원활히 진행되었습니다. 그 결과 부서 간 기록이 통합되어 관리가 일원화 되었으며 기록 검색 및 접근이 훨씬 더 효율적으로 개선하였던 경험이 있습니다.","전문인으로서 저의 한계를 넘어 새로운 성장을 하기 위해 지원하였습니다. 현재 재직중인 곳은 소규모 기관으로 제 역량을 더 큰 조직에서 펼치고 싶다는 마음이 있었고, '한국농수산식품유통공사'의 채용공고를 보고 이 조직에서 제 역할을 잘 수행한다면 국가의 발전과 번영을 이루는데 제가 일조할 수 있겠다는 생각이 들어 지원하게 되었습니다. 제게 함께 일할 기회가 주어진다면 내부적으로는 공사 업무가 무엇이 있는지 빠른 시간 내에 익히겠습니다. 기록관리 업무는 전사적 업무파악이 가장 기본이기 때문입니다. 그 이후 구성원들의 교육훈련 및 컨설팅을 통해 기록관리 업무에 대한 이해를 높여 운영내실화를 이루겠습니다. 특히 기록관리 업무는 혼자 할 수 있는 것이 아니기 때문에 동료들의 협업이 무엇보다 중요합니다. 구성원들과 원활히 소통하며 열정을 잃지 않고 주어진 일에 최선을 다해 기여할 수 있도록 노력하겠습니다.",2,54,27.0,12,6,8,6,32,,,6,4,6,6,22,,
8,C1100793,경력(4급) 기록물관리(나주),"저는 군 특수 기록관에서 8년간 근무하며 일반적인 교육/교과 과정 외에 실무에 필요한 다양한 경험을 쌓았습니다.근무 중 일반적인 종이 기록물의 관리와 보존 서고 운영, 대내외 열람 서비스 제공 업무를 수행함과 동시에 다양한 유형의 시청각 기록물의 디지털 변환, 보존 처리 및 보존 기록물의 영구적 보존을 위한 마이크로필름 제작/관리, 기록물 관리 및 보존을 위한 시스템 구축과 설계 및 유지 보수 사업 운영 등 다양한 실무 경험을 가지고 있습니다.이러한 경험을 바탕으로 향후 한국 농수산식품유통공사의 일반적인 기록관 운영 업무 외 기관 기록물 관리의 확장과 변화, 홍보 등 다양한 업무를 실시함에 있어 좋은 밑거름이 될 것이라 생각 합니다.",군 특수 기록관 근무 중 기존 운영 시스템의 노후화로 인해 전자 기록물의 보존 안정성이 떨어져 신규 시스템의 구축을 위한 예산 반영이 필요한 상황이 있었습니다.저는 예산 반영을 위해 예산 요구서를 통해 반영을 요청하였으나 기관 내 기록 관리에 대한 필요성 인식이 높지 않아 타 사업에 예산이 지원될 확률이 높은 상황이었습니다.이러한 문제를 해결하기 위해 저는 예산 집행부서 담당자분들께 기본 예산 요구서 제출 외 사업 필요성의 공감대 형성을 위해 관련 법률의 해설 자료를 준비하고해당 시스템의 노후화로 인한 기록물 유실 시 사용 부서가 맞닥트릴 문제점을 최대한 이해하기 쉽게 설명하여 긍정적인 반응을 이끌어 내어 사업의 필요성을 인정받고이를 통해 신규 시스템 구축을 위한 재원을 성공적으로 확보할 수 있었습니다.,기록물의 정수 검사와 상태 검사 업무를 수행하던 중 전자 기록물 보존 매체의 수량이 지나치게 많아 운영 장비의 과부하로 인해 일정대로 업무를 추진하기 어려웠던 경험이 있었습니다.해당 업무는 전자 기록물을 수록하고 있는 광디스크의 보유 수량을 점검하고 디스크 내 수록 기록물을 PC를 통해 읽어 들여 상태를 점검하는 업무였습니다.처음엔 수만 장의 디스크를 일일이 검사해야 하다 보니 부족한 인력이 문제의 원인이라는 단편적인 생각 때문에 업무 진도가 더뎠지만 업무를 이어갈수록 인력이 아닌 장비에 지속적으로 문제가 생기는 것이 문제라는 생각을 했고 이를 해결하기 위해 전산장비 관리부서의 협조를 통해 불용 대기 장비를 임시 대여하여 장비 한대 당 처리해야 하는 디스크 수량을 낮추어 장비의 부하를 낮추고 대용량 스토리지를 연결하여 파일을 단일 시스템에 백업할 수 있도록 조치하여 정수 및 상태 검사를 성공적으로 마무리할 수 있게 되었습니다.,저의 부족한 부분은 도전이지 않을까 생각합니다.기록 관리 업무가 기관 전체의 행정업무의 변화가 필요한 부분이 있어 급진적인 변화를 요구하는 도전은 다소 제한이 있었습니다.과거 전자 기록물 생산 활성화(불필요한 비전자 기록물 생산 지양)를 위해 부서 담당자 소집교육과 다양한 안내 공문 등을 시행하였지만 기관 내 전자기록물 생산 환경을 유지하고정착시키는 데 있어 많은 어려움이 있었습니다. 하지만 전자기록물 생산/관리 정착을 위해 시간이 걸리더라도 꾸준히 노력하여 많은 발전을 이루었던 경험을 바탕으로기관과 각 부서의 업무 특성을 분석하고 공감대를 형성하여 가능한 최대한 효과적이되 지나치게 급진적이지 않은 발전과 도전을 시도하여 법적 기준을 준수함과 더불어 효율적인 기록 관리 업무를 추진하도록 하겠습니다.,2,59,29.5,9,6,8,9,32,,,9,6,6,6,27,,
9,C1100875,경력(4급) 기록물관리(나주),"기록관리 직무수행능력을 높일 수 있는 가장 좋은 방법은 넓은 시야와 대인관계라 생각합니다. 기록을 생산하는 처리부서와의 긴밀한 협의가 필수적입니다. 이를 위해 다양한 업무 환경에서 경험해왔습니다. 세월호와 국회 의정활동 기록 수집·목록화 작업과 5·18기록 전시 큐레이터 경험으로 기록의 활용성을 높이는 역량을 쌓았습니다. 현재는 기관의 기록관리 및 정보공개 업무를 총괄하여 전반적인 기록관리체계를 구축하였습니다.입사 후 가장 먼저 선행되어야 하는 것은 조직에 융화되는 것이라 생각합니다. 문서고에 홀로 앉아있는 것이 아닌, 직원들을 만나며 업무에서 기록관리의 애로사항을 파악해야 합니다. 해당 사항들을 새로운 기록관리체계에 포함시켜 직원들의 수고로움을 덜어주는 것이 먼저라고 생각합니다. 그 이후 적법한 관리를 통해 보존된 기록을 기관 홍보 등을 위해 전시를 해보고자 합니다. 기록은 그 기관의 역사이기에 문서고에서 묵혀두는 것이 아니라, 기관을 위해 활용해야 하는 것이기 때문입니다.","현 기관에 입사 후 당면했던 과제는 기록에 대한 직원들의 인식이었습니다. 전임자들의 노력으로 관리체계는 구축되었지만, 그로 인해 업무가 많아진 직원들의 인식은 좋지 않았습니다. 대표적인 예로 공공기관을 대상으로 매년 실시하는 행안부 정보공개 종합평가를 꼽을 수 있습니다. 기관이 보유한 정보는 전 직원이 함께 관리하여야 합니다. 이를 위해 먼저 하위직급을 대상으로 기록관리 교육을 실시하였습니다. 부서에서 기록관리업무는 주로 하위직급이 도맡는 것을 확인했기 때문입니다. 다음은 경영진을 대상으로 주기적인 현황 보고를 통해 해당 업무의 중요성을 강조하며, 적극적인 업무 협조를 받았습니다. 마지막으로는 직원들과의 소통하였습니다. 전문요원의 업무 특성상 주로 본부·본사에서 근무하는 점을 활용하여, 사업소 출장을 통해 직접 직원들과 소통하고 설득하는 과정을 거쳤습니다. 이러한 노력들로 창립 이래 최초로 정보공개 종합평가 만점, 23년도에는 2년 연속 만점과 행안부 장관 표창을 수상하였습니다.","제 마음가짐이 잘못되었던 사례를 꼽고 싶습니다. 현 기관에서 입사 후 기록관리, 정보공개, 공공데이터 등 관련 분야의 업무를 수행하였고 기관의 좋은 성적과 평가를 위해 끊임없이 노력하였습니다. 그러던 중 24년도에 급여 전임자의 갑작스러운 전출로 해당 업무를 함께 맡게 되었습니다. 업무 배치를 받고 많은 고민이 들었습니다. 내가 지금까지 업무를 잘못 온 것인지, 나란 역할은 소위 불리는 땜빵 같은 존재인지 혼란스러웠습니다. 이후 항상 새로운 것을 두려워 않고 도전하던 저의 모습은 온데간데없이 사라졌었습니다. 후에 알게 된 업무 배치의 이유는 다양화였습니다. 기록물관리전문요원 또한 행정인력으로서 다양한 업무 수행능력 향상을 통해 추후 원활한 진급 등 저를 배려하기 위함이었습니다. 기관의 배려였음에도 불구하고 원인을 부정적으로만 찾던 저를 다시 돌아볼 수 있는 기회였습니다. 이후 마음가짐을 고쳐 잡아 급여에 대한 직원들의 만족을 위해 지금의 저는 다시 공부를 시작하였습니다.","과연 내가 전문직이라고 할 수 있는지 반성이 들곤 합니다. 누구보다 빨리, 그리고 많이 학수하고 경험하고 싶은 마음에 학부생부터 대학원 연계과정을 거쳐 다른 전문요원에 비해 다소 어린 나이에 이 업무를 시작하였습니다. 그래서 다른 선배님들보다 전문인으로서 부족할 수 있다고 생각합니다. 그래서 노하우를 배우고자, 계약기간이 짧더라도 선배님들이 계신 현장이라면 닥치는 대로 나갔습니다. 열심히 공부했던 5·18기록을 직접 경험하고자 5·18기록관에 입사하였습니다. 지금까지 공부했던 기록학 학문을 현장에 적용해보고자 끊임없이 직원들과 마주해왔습니다. 그리고 지금 저는 제가 가진 역량을 총망라하여 한국농수산식품유통공사에서 끝맺음의 결실을 얻고자 합니다. 누군가는 문서고에서 홀로 근무하는 일개 사원이라 칭합니다. 그러나 저는 구성원들과 함께 하고 싶습니다. 현장에서 배운 노하우들을 바탕으로 국내를 넘어 해외를 넘나드는 공사 구성원들을 더욱 빛내줄 수 있는 기록들을 제가 연마해보고자 합니다.",2,57,28.5,9,8,4,9,30,,,6,6,6,9,27,,
10,C1101004,경력(4급) 기록물관리(나주),"공공기관에 근무하며 ‘기록’을 매개로 국민과 국가에 공적인 기여를 할 수 있다고 믿었고 소속된 기관의 모든 업무를 기록으로 남기는 것을 최우선의 목표로 추진하였습니다. 기록물관리를 베이스로 재난, 민방위, 비상대비, 충무(을지), 보안, 인장 및 사무에 관한 업무 등 행정업무를 담당하여 경영평가 지표에 맞게 관련 업무를 추진하였고 그 결과 윤리경영 및 탄소중립 분야 성과를 창출하여 '20~'22년 3년 연속 경영평가 A등급에 기여하였습니다. 기록물관리 및 기타업무 성과를 분석하고 경영실적 보고서를 작성했습니다. 기록물 관리 업무는 해당 연도의 정부 기조와 평가지표를 반영하여 체계적으로 관리하고 점검하는 것이 중요하다고 생각합니다. 법령에 따른 절차를 지속적으로 개선하고, 직원들에 의해 준수될 수 있도록 전문성을 유지하는 것이 필수적입니다. 실무자들이 본연의 업무에 집중할 수 있도록, AT에서도 기록물 관리 업무에서 발생할 수 있는 사각지대를 책임감을 가지고 메꿔 나가겠습니다.",기록물관리의 메인업무는 기록물 평가심의 및 폐기입니다. 기관이 그동안 생산해낸 기록물들을 죽이고 살리는 업무로 매년 수행하기 어려운 문제점이 있습니다. 그 이유는 법적 절차인 처리과 의견조회 시 부서 기록물 담당자들의 일괄 결재로 인하여 폐기대상 목록이 피드백 없이 넘어오는 문제점이 발생하기 때문입니다. 이는 소통 부재로 인한 문제점으로 해결방법은 의외로 간단합니다. 폐기 대상 기록물 중 오책정된 보존기간을 당시 생산자 및 부서의 장을 직접 찾아가 배움의 자세로 경청과 협의를 통해 기록물 보존연한을 다시 잡아주는 것입니다. 다소 아날로그한 해결법이지만 유일무이한 기록물의 무단 폐기를 방지 할 수 있고 실무자 등 기관 구성원들과 친밀감을 빨리 형성하는 계기가 되어 향후 업무 추진에 큰 도움이 되었습니다. 한국농수산식품유통공사에서도 원활한 조직 융화 능력을 바탕으로 업무를 추진하여 기관의 투명성과 설명책임성을 위해 최선을 다하겠습니다.,"국립낙동강생물자원관은 개관한지 5년이 된 신생기관이었기 때문에 기관 기록물관리의 근거 마련이 당면과제였습니다. 임직원들은 기록물관리의 중요성을 어느정도 인지했지만 절차에 대한 이해도는 부족한 상황이었습니다. 상위법령인 「공공기록물법」에 따라 기록물관리 규정 개정을 시작으로 기록관리기준표 수립을 추진하였습니다. 기관 최초 기록관리기준 확립을 위해 연구용역을 추진하여 용역수행업체와 기관 고유업무 및 공통업무를 분석을 실시하였습니다. 기관 각 처리부서가 수행하는 업무의 근거법령을 분석하고 기록물관리법령을 검토한 후 부서별 인터뷰를 실시하여 의견조회를 완료하였으며, 그 결과 국가기준에 준하는 기관 고유의 기록물분류 기준, 기록물 보존연한, 공개 및 비공개 값을 수립하였습니다. 이후 임직원들의 이해를 돕기 위해 전사 기록물 분야 교육도 추가로 실시하였습니다. 그 결과 3년 연속 기관 경영평가 A등급 달성에 기여하였으며, 공직자로서의 자신감을 얻게 되었습니다.","조직 내에서 협력과 소통을 중시하는 성격입니다. 모든 조직은 다양한 성격을 갖고 각기 다른 장단점이 있는 사람들이 모여 있기 마련인데 공동의 목표를 달성하기 위해 동료들과 원활하게 소통하며 협업하는 것이 저의 강점이라고 생각합니다. 특히 기록관리 업무는 1인이 기관 내 기록관리 업무 총괄을 하는 경우가 많아서 이러한 조직융화 능력은 큰 도움이 되었습니다.하지만 단점으로는 다양한 사람들의 의견을 경청하고 조율하려고 하다 보니 의사결정이 다소 지연되는 경우가 있다는 점입니다. 하지만 이를 보완하기 위해, 중요한 순간에는 핵심 사항을 빠르게 파악하고 결단력을 발휘할 수 있도록 노력하고 있습니다. 이를 통해 조직 내에서 더 효과적으로 소통하고, 목표를 신속하게 달성할 수 있도록 하는 것이 저의 발전 목표입니다. 아울러 공공기관 직원으로서 모든 국민에게 공정한 서비스를 제공하는 것을 최우선으로 여겨 한국농수산식품유통공사의 기록이 역사가 될 수 있도록 끊임없이 노력하겠습니다.",2,67,33.5,9,6,6,9,30,,,12,8,8,9,37,,
11,C1101027,경력(4급) 기록물관리(나주),"지원자는 기록물관리전문요원으로서 직무수행 능력을 강화하기 위하여 국가기록원에서 주관하는 국제기록관리포럼에 참석하여 각국의 기록관리 현황과 사례를 학습하여 현업에 적용하고자 노력하였습니다. 다양한 주제 중에서 지원자가 가지고 있는 기록관리에 대한 철학과 가치관에 커다란 영향을 주었던 것은 기록관리 분야의 AI 적용 방안과 싱가포르의 기록정보서비스 사례입니다. AI 적용을 통한 기록의 분류, 메타데이터 생성 및 관리, 디지털화 기록의 OCR, 이용자 맞춤형 기록정보서비스 등 다양한 업무에 적용하여 처리 능력을 강화할 수 있는 것을 확인하였습니다. 싱가포르의 경우 기관과 기업의 협업을 통한 기록정보서비스의 강화 방안이었습니다. 이러한 교육을 통한 직무수행능력을 강화하여 한국농수산식품유통공사의 기록물을 효율적으로 관리하고 기록물을 활용하여 기관의 사업과 성과를 다양한 매체로 홍보하고 활용할 수 있도록 적극적으로 지원하고자 합니다.","지원자는 소속 기관의 기록관리 업무절차를 개선하고자 관련 부서와 협의하는 과정에서 소속 부서원들과 의견 충돌이 발생하였습니다. 지원자는 행정기록물을 중심으로 관리하고 있었으며, 관련 부서는 특정 영역의 기록물을 관리하는 이원화된 기록물 관리 절차로 운영하고 있었습니다. 따라서 지원자는 기관의 비전과 발전 방향을 위해서 기록물 관리 체계는 일원화되어야 한다고 판단하였으며, 이를 관련 부서에 의견을 정리하여 전달하였습니다. 그러나 지원자가 생각했던 결과와는 다르게 관련 부서에서는 업무에 간섭하려 한다는 오해를 가져오게 되었습니다. 이를 해결하기 위하여 단순하게 해명도 해보았으나 문제는 더욱 좋지 않은 방향으로 흘러갔습니다. 이와 같은 문제를 해결하기 위하여 지원자가 생각하는 기관의 기록물 관리의 목적과 방향을 정리하고 궁극적으로 이루고자 하는 목표를 명확하게 제시한 자료를 토대로 약 2년간의 대화와 협의를 통하여 상호간의 오해를 해소하고 합의를 도출해낸 경험이 있습니다.",지원자는 기관의 기록물을 관리함에 있어서 필수 요소인 기록관리기준표를 정리하고 업무에 반영하는 것에 많은 어려움을 겪었고 다른 기관의 사례와 여러 기록물관리전문요원들의 자문을 통하여 문제를 해결한 경험이 있습니다. 기관의 특성을 정확하게 반영한 기준표를 운영하기 위하여 다양한 측면의 고민과 자문을 통하여 기관의 예산과목을 토대로 기준표를 구성하였습니다. 그러나 구성된 기준표는 내용상 기관의 특성을 정확하게 반여하였으나 운영 중인 전자문서생상시스템과 연계가 미흡하였습니다. 지원자는 기능분류의 오류로 잘못 판단하였으며 이를 해결하기 위하여 많은 시행착오를 경험하였습니다. 그 결과 국가기록원에서 배포한 기관공통영역에 관한 기준에 의지하고 있는 문제를 확인하였으며 기관공통영역의 분류기준을 삭제하고 모든 기준표 유형을 기관의 고유한 영역으로 재조정하였습니다. 또한 처리부서 담당자의 의견을 수렴하고 기관 기록관리기준표 구성 원리에 대하여 충분히 설명하여 오류를 최소화 하고자 노력하였습니다.,지원자는 기록물관리전문요원으로서 자격을 보유하고 있습니다. 그러나 전문가로서 역량에 대하여 항상 의문이 있었습니다. 사람은 아는 만큼 말할 수 있다고 생각합니다. 지원자는 전문가로서 여러 기관과 학생을 대상으로 교육을 수행한 경험이 있습니다. 교육 과정에 있어서 참여한 수강생에게 호평을 받았으나 지원자가 습득한 지식과 경험을 충분히 전달하지 못하였다는 후회가 연극이 끝난 후 무대와 같이 마음의 어느 한 구석에 머물러 있었습니다. 이와 같은 부족함을 채우기 위하여 조금 더 높은 곳으로 향하기 위하여 박사학위 과정을 시작하였습니다. 학위 과정 속에서 지원자가 놓치고 있었던 부분과 기록물 관리에 대한 심도 있는 학습을 하였으며 전문가로서 역량을 한층 강화할 수 있었습니다. 지원자는 학위 과정과 다양한 실무 경험을 바탕으로 공사에 구축되어 있는 기록물 관리 업무 절차와 시스템을 모니터링하고 공사의 국내외 지사들의 기록관리가 유기적이고 효율적으로 운영될 수 있는 기록관리를 실현하겠습니다.,2,65,32.5,12,6,6,12,36,,,9,6,8,6,29,,
12,C1101039,경력(4급) 기록물관리(나주),"실무자로 오랜 시간 영구기록물관리기관과 중앙행정기관 그리고 현재 정부산하 연구기관 기록관에서 다양한 유형의 기록관리 업무를 수행 한 경력이 있습니다. 공공기록물관리법 제13조에 따라 기록관에서 매년 기록관리 기본계획을 수립하여 추진하도록 하겠습니다. 전자문서생산시스템으로 업무상 생산 접수한 기록물을 1년 간 부서에서 활용 후 기록관리시스템으로 이관 하며, 기록관리 제반 업무(절차업무, 보존업무, 운영업무)가 관련 시스템을 통하여 차질 없이 수행될 수 있도록 안정적으로 운영하겠습니다. 기관 내 정보자산 관리를 위한 유관 법령과 분류체계 방식 그리고 프로세스 등 실무에 필요한 기술과 지식을 빠르게 습득하고, 또한 조직의 구성원으로서 조직의 목표와 가치를 지향하고 업무수행의 공정성과 책임감을 갖고 협력적인 업무수행 태도와 함께 한국농수산식품유통공사가 기록으로 사업에 대한 업무설명책임성을 다하고, 더 나아가 국민들에게 신뢰받을 수 있는 기관으로 만들도록 최선을 다하겠습니다.","공공기록물법 제19조 및 동법 시행령 제32조에 따라 중앙행정기관 기록관에서 총 26개 부서로부터 이관업무를 수행하였습니다. 그 시기에 조직개편 및 정부기능분류체계(BRM)의 변화가 있었으며, 변경된 단위과제의 실적 인수인계 조정 등이 이루어졌습니다. 또한 각 처리과 담당자도 인사 이동으로 인하여 부서마다 이관에 대한 역량의 편차가 상당하였습니다. 보통은 국별로 나누어 이관 양에 따라 진행하지만 이번에는 기존부서와 신설부서로 나누어 업무를 지원하였습니다. 신설부서에 대해 지속적인 협의와 관련 매뉴얼 제공 및 교육을 진행하였고, 기존부서는 큰 범주 안에서 차질 없이 진행되도록 탄력적으로 운영하여 기관 내 기록물을 모두 기록관으로 안전하게 이관한 바 있습니다. 조직에서는 모두가 더 나은 목표와 가치를 위해 업무를 수행하고, 다만 그 방법의 차이가 갈등과 오해를 만든다고 생각합니다. 요구사항과 불만사항을 소통하여 타협점을 모색하고 협력적인 업무수행 태도가 수반된다는 점을 깨달았습니다.","기록관리기준표는 처리과에서 신청한 단위과제의 보존기간을 조정하여 국가기록원으로부터 최종 승인을 받고 이를 기록관리시스템에 적용하여 관리하는데, 신규 단위과제의 보존기간 확정이 상당히 중요합니다. 다른 여러 기관과 기록관리기준표 상의 유사한 단위과제 보존기간이 유사해야 기록물을 선별하고 폐기하여 보존할 수 있기 때문입니다. 또한 최근 클라우드시스템 환경으로 변화되면서 정부기능분류체계(BRM)와 클라우드 온나라시스템 그리고 클라우드기록관리시스템(CRMS)과 중앙기록물관리시스템(CAMS)으로 자동적으로 연계되어 적용이 됩니다. 하지만 당시 폐지된 기관고유과제가 포함되어 있거나 타기관에서 이관된 단위과제가 포함된 오류가 빈번하게 발생함으로써 매년 고시 할 때 문제가 발생하였습니다. 해당 문제에 대해 클라우드 사업단과 국가기록원으로 연계 오류 내용들을 전달하여 데이터 보정작업을 제안하였습니다. 현재는 문제가 해결되어 기관의 분류체계를 통해 모든 시스템에 연계되어 체계적으로 운영되고 있습니다.","한국농수산식품유통공사는 농수산식품산업 진흥 전문기관으로서 우리 농업의 새로운 가치를 창출하고, 기업의 사회적 책임을 성실히 이행하여 국민과 함께 상생을 고민하고 더욱 성장할 수 있도록 선순환적인 운영방식에 대해 깊은 이해도가 요구된다고 생각합니다. 전문적인 사업운영과 상생성장 그리고 효율적인 시스템으로 조직을 관리하는 부분도 중요하지만 무엇보다 우선 시 해야 할 점은 국민에 대한 서비스(소통)입니다. 농업인의 소득증진과 국민경제의 균형 있는 발전을 최고의 가치로 두고 정보교류와 지속적인 소통창구를 마련하여, 기록관리 업무 측면에서 충분히 지원해야 한다고 생각합니다. 국민들에게 영향을 미칠 수 있는 기록이나 빈도수가 높은 기록물에 대해 별도 관리하여 일반기록물 보다 빠르게 공개하고, 공사에서 추진한 핵심 성과에 대해서는 콘텐츠 기록정보서비스를 진행한다면 좋은 사례가 될 수 있을 것입니다. 이러한 적극적인 업무태도와 경험으로 귀사를 더욱 성장시킬 수 있도록 최선을 다하겠습니다.",2,57,28.5,12,6,6,9,33,,,6,6,6,6,24,,
13,C1101215,경력(4급) 기록물관리(나주),"저는 무엇보다도 전 기관에서 기관 최초로 “기록물 관리 기본계획”을 수립했으며 대외적으로는 기록관리협의회 참석 등 유관기관과 협조를 통해서 기록관리 제도의 개선 방향을 모색했을 뿐만 아니라 이러한 성과를 통해서 기관 경영평가에서 최우수 등급을 받는 일에 일조한 만큼 코레일테크에서 요구하는 충분한 역량을 갖추었다고 생각합니다.하지만 이만큼의 성과를 달성하는 과정이 순탄치만은 않았습니다. 기존 문서관리의 관행, 기록관리 중요성 인식 부족 등에 따른 업무적인 갈등 상황이 있었고, 이러한 일을 계기로 저는 좀 더 효율적인 기록관리를 위해서는 임직원들이 기록관리 업무와 관련된 정보와 지식이 기반 되어야 내실이 있는 성과를 낼 수 있다고 생각했습니다. 이에 교육 계획을 수립 및 시행하여 기록관리의 중요성에 대한 인식을 개선해 나가면서 큰 성과를 낼 수 있었습니다.이처럼 전 저의 지식만을 자만하지 않고 교육과 홍보를 통해서 임직원들과 함께 성장할 수 있는 담당자가 되겠습니다.",저는 기록물관리 중요석 인식 부족 문제를 개선하고자 중앙부처 기록물관리 회의에 참석한 적이 있습니다. 이 회의에서 기존 기록관 운영만으로는 모든 부서에 기록물관리의 중요성을 인식함에 한계가 있었기 때문에 직원들을 대상으로 하는 교육프로그램을 진행해보자는 의견을 제시했습니다. 하지만 기록관 운영자들 모두 소속된 기관이 다르다 보니 내부 자료를 공유하기 어렵다거나 시간적인 여유가 없다는 등의 이유로 제 주장은 기각되었습니다. 그렇지만 포기하지 않고 자체 교육프로그램 자료를 통해 성과를 보여주면서 부서별 협조를 위해서는 직원들이 기록물관리 업무와 관련된 정보와 지식에 기반을 두어야 효율적인 업무를 수행할 수 있다고 의견을 제시했습니다. 그 결과 교육활동을 위한 계획을 부문별로 수립했고 교육프로그램을 통해 기록물관리에 대한 중요성을 인식시킬 수 있었습니다. 이처럼 앞으로도 설득이 필요하다고 여겨진다면 객관적인 자료를 제시함으로써 합의를 이끌 수 있도록 노력하겠습니다.,"저는 이전 기관에서 기록물관리 업무를 직접 주도하며, 기관 최초로 기본계획 수립을 통해 내부체계 강화를 추진했습니다. 또한 보존 인프라 구축에도 심혈을 기울이며 기록물관리의 기반을 다지기 위해 노력했습니다. 업무 초기에는 기록물관리의 중요성을 너무 당연하게 여겨 조직 내부에서도 쉽게 공감할 것이라 판단했으나, 실상은 인식 부족이라는 큰 한계에 부딪히게 되었습니다. 이를 극복하기 위해, 저는 기록물관리의 중요성을 부서장님께 직접 보여드릴 필요성을 느꼈고, 선진 기록관을 벤치마킹하는 계획을 세워 부서장님과 함께 다른 기관의 우수기록관을 방문했습니다. 이 과정에서 기록관 운영에 대한 견학과 협의를 진행한 결과, 부서장님의 인식이 긍정적으로 변화했을 뿐만 아니라 내부적으로 필요한 업무 지원도 확보할 수 있었습니다. 이 경험을 통해 어려운 상황에 처했을 때는 새로운 관점을 통해 접근하는 것이 중요함을 배웠고, 한국농수산식품유통공사에서도 이와 같은 방식으로 문제를 해결하며 기여하겠습니다.","현재 공사의 인재상 중 제가 가장 부족하다고 느끼는 부분은 도전인으로서의 자세입니다. 전통적인 기록물관리 원칙을 중심으로 업무를 진행해오며, 새로운 시도를 통해 성과를 내기보다 안정성을 우선시하는 경향이 있습니다. 하지만 이전 기관에서 기록물관리의 중요성에 대한 인식 부족이라는 한계에 직면했을 때, 직원들이 기록물관리와 관련된 지식에 기반을 두어야 효율적인 업무를 수행할 수 있다고 생각했고, 좀 더 적극적인 접근이 필요하다는 것을 깨달았습니다. 그래서 기록물 관리 교육 계획을 수립하여 내부직원들의 인식을 높이는 데 주력했습니다. 이 프로그램을 통해 조직 구성원들은 기록물 관리의 가치와 중요성을 깊이 이해하고 공감하는 성과를 얻게 되었습니다. 그 결과 기록물 관리 체계가 한층 강화되었고, 부서 간 협력도 증대되었습니다. 앞으로도 한국농수산식품유통공사에서 도전 정신을 발휘하여 기존 원칙을 넘어서는 방안을 모색하고, 적극적으로 업무에 기여하며 조직의 목표 달성에 힘쓰겠습니다.",2,22,11.0,0,0,0,0,0,타 기관에 지원한 내용을 그대로 인용(코레일테크),,6,6,4,6,22,,
14,C1101229,경력(4급) 기록물관리(나주),지원한 분야의 직무수행능력을 키위기 위해서 다양한 경험을 해야한다는 것입니다. 저는 다양한 경험을 하기 위해서 기록관리시스템고도화 업무를 추진하였으며 이로써 기록관리시스템에 대한 이해를 할수 있었습니다. 수없이 많은 테스트와 커스터마이징을 통해 기관에서 필요한 기록관리시스템을 구축할수 있었습니다. 그 분야에서 전문가가 될수 있는 것은 그 분야에 대한 많은 경험을 하면 된다는것을 느꼈습니다. 제가 입사한다면 저의 다양한 경험을 직무에 적용시킬수 있게 노력하겠습니다. 다양한 경험을 직무에 적용시킬수 있는 방법으로는 해당 직무에 대한 많은 테스트와 이를 경험하도록 하겠습니다. 그리고 직무와 관련된 업무에 대해서 분석하여 직무를 수행시킬수 있도록 노력하겠습니다.,타인과의 의사소통이 되지 않아 갈등이 발생한다는건 타인의 의견을 진중하게 청취하지 않아서 생겼다고 생각합니다. 다시한번 타인의 의견을 집중하여 청취하도록 하겠습니다. 그리고 저의 의견을 다시한번 말하겠습니다. 무조건적으로 타인의 의견이라서 반대하는것이 아닌 저만의 논리가 아닌 누구도 이해할수 있는 상황으로 예시로 들어 설명하겠습니다.이렇게 누군가의 생각을 천천히 듣고 그에 대한 저의 생각을 말한다면 해결될수 있을거라고 생각합니다.,통계작업 시 각자 맡은 부분을 도출한 뒤 종합하기 때문에 서로 각자의 산출방식을 의해 산출을 하기 때문에 산출근거기준을 달리하는 경우가 있습니다. 이 때문에 통계자체의 오차가 커져 신뢰도가 낮아 질 수가 있습니다. 팀원들에게 문제점이라고 생각하는 부분에 대해서 의견을 구하고 팀원들에게 스탭매뉴얼을 만들고 산출근거의 기준을 내부적으로 통일하는게 좋을 거 같다고 의견을 내었습니다. 물론 업무량이 많은 상태였기 때문에 스탭매뉴얼을 제작하는 것 자체를 부담스러워하는 구성원도 있었지만 현재 하고 있는 업무의 통계를 오차를 낮출 수가 있었고 업무를 할 때도 각자 개인기준이 아닌 산출근거기준을 내부지침으로 함으로써 업무에 대한 효율성도 높일 수 있음에 대해 말하였고 다시한번 구성원의 의견을 수렴하여 스탭매뉴얼을 간소화하여 제작할 수 있었습니다.,공사 인재상인 전문인이 가장 부족하다고 생각합니다. 전문인은 꾸준한 자기계발을 통해 업무의 실무역량을 키위고 전문성을 가지게 되고 이는 전문가로 성잘할수 있다고 생각합니다. 저는 꾸준한 자기계발을 통해 기록물관리에 관한 지식과 이론을 학습하였습니다. 공사의 기록물관리 업무 시 기록물관리학의 전문적인 지식과 이론을 가지고 기록물에 대한 정확한 처리와 이를 통한 기관 업무의 효율성을 증가를 목표로 하겠습니다. 그리고 체계적인 기록물 관리체계의 근간인 서고 구축 및 기자재를 확충하고 기록물관리에 대한 내부교육을 통해서 기록물관리에 인식을 높이도록 하겠습니다. 그리고 기록관리시스템의 구축과 서버확충 및 내부 교육을 통한 기록물 관리 체계를 확립하며 전문가위원회 구성을 통한 기록물 관리의 전문성과 투명성을 확보하겠습니다. 그리고 마지막으로 대민서비스의 확충과 대내외기관과 협력을 통하여 양질의 기록서비스를 제공하겠습니다.,2,45,22.5,6,4,6,9,25,,,6,4,4,6,20,,
15,C1101250,경력(4급) 기록물관리(나주),"저는 기록물 관리에 관한 연구를 끊임없이 공부하고 있습니다. 새로운 논문, 도서를 읽으며 업무에 적용할 수 있는 방안에 대해 고심합니다. 또 같은 기록물관리전문요원들과 소통하기 위한 오픈 채팅방에 참여하여 의견을 나누고 있습니다. 더하여 기록물관리계의 이슈에 대한 뉴스레터를 구독하여 학계나 업계 관련 이슈에 대해 관심을 쏟고 있습니다. 저는 학계와의 지속적인 소통을 통해 스스로를 발전시키고자 노력하고 있습니다. 학계 내부에서도 다양한 분야의 기록물 관리에 대한 의견을 청취함으로써 제 생각에 매몰되지 않고 시야를 넓히고자 하고 있습니다. 또 현재의 자신에게 만족하지 않고 끊임없이 기록물 관리에 전문성을 지니고자 노력하고 있습니다. 노력을 발판으로 하여 aT에 대해 파악하여 기록물 관리를 체계적으로 수행하겠습니다.","지자체 출자출연기관에서 근무할 때는 기록물관리와 관련하여 최초로 수행한 업무는 제규정을 정비하는 것이었습니다. 기관에 제도가 미비하였기 때문에 기록물관리를 수행하기 위해서는 제도의 정비가 선행적으로 이루어져야 했습니다. 이에 따라 기록물관리규범을 제정하게 되었는데 기관 내부인들을 설득하는 데에 어려움을 겪게 되었습니다. 내부 제규정을 제정하는 데에 반드시 거쳐야 할 법무감사팀의 팀장이 ‘왜 기록물관리규범을 제정하고 기록물을 관리해야 하는지’에대한 공감이 부족했기 때문입니다. 기록물관리가 부서의 업무를 과중하게 한다고 생각했고, 기록물이 업무 수행의 증거물로서 기능을 할 수 있다는 사실을 이해하지 못했습니다. 저는 이에 시의 사례, 유관기관의 사례 등 다양한 사례를 제시하며 적극적으로 설득하였고, 결국에 법무감사팀장님을 설득하여 기록물관리규범이 제정되었습니다.","어느 기관에서건 기관의 기록물관리 연간 기본계획을 수립하고 이에 따라 기록물관리 관련 규정을 신설하여 기록물관리를 할 수 있는 기관의 환경을 조성하는 것이 저의 주된 업무였습니다. 기록물의 처분기준을 수립하기 위해 기록물분류기준표를 작성하는 과정에서 기록물 관리가 어려운 원인을 온전히 직원들의 인식 부족이라고 오인한 경험이 있습니다. 기록물 관리가 제대로 이루어지기 위해서는 기관의 분위기, 문서생산환경, 기관의 필요성이라는 세가지 선행과제가 있었다는 것을 몰랐습니다. 기관의 의지가 뒷받침해주지 않는 상황에서 전문가가 아닌 직원들이 기록물 관리가 무엇인지 알 지 못하는 것은 당연한 문제였던 것을 간과한 것입니다. 저는 그래서 상급자들을 설득하고자 노력했습니다. 지자체의 환경 변화, 정책 변화를 근거로 기록물관리의 필요성을 강조했습니다. 그리하여 문서고가 없던 기관에서 문서고 예산을 확보하는데 성공했습니다.","현재 저에게 가장 부족한 부분은 전문성이라고 생각합니다. 기록물 관리를 수행하는 전문인으로서 기관 내의 기록물 관리 환경, 기록물 생산 환경, 기관 내 담당자들의 인식 등을 개선하기 위해 지속적인 노력을 해왔습니다. 그러나 기관의 여건이 기록물 관리 법령을 완벽하게 준수할 수 있는 상황이 아니었습니다. 저는 현행법령과 기관의 여건 중 기관의 여건에 더 무게를 두고 기록물관리를 수행했습니다. 제가 aT에 입사하게 된다면 현행 법령과 국가기록원 지침을 더욱 준수하여 기록물 관리 업무를 수행하도록 하겠습니다. 이전의 기관에서 실현하지 못했던 ‘천공 편철 금지’를 제1과제로 설정하여 업무를 추진하겠습니다. 공공기록물법 제51조에 따르면 ‘기록물을 고의 또는 중과실로 그 일부 내용이 파악되지 못하도록 손상시킨 자’는 3년 이하의 징역 또는 2천만원 이하의 벌금에 처한다는 조항이 있습니다. 이를 사전에 예방하고자 비전자기록물의 천공편철을 금지하는 업무부터 시작하여 기록물 관리를 수행하겠습니다.",2,54,27.0,9,6,8,9,32,,,6,4,6,6,22,,
