Unnamed: 0,application_id,field,answer_1,answer_2,answer_3,answer_4,answer_5,num_reviwers,total_score,average_score,eval1_1,eval_1_basic_1_8,eval_1_basic_2_8,eval_1_basic_2_82,eval_1_basic_2_83,eval_2_ability_15,eval_2_basic_1_10,eval_2_basic_1_11,eval_2_basic_2_10,eval_2_fit_15
0,G0100198,사무행정,"[저출산, 고령화의 사회적 이슈에 관심을 갖고 교직원 및 유족의 경제적 생활안정과 복리 향상에 기여하겠습니다.]저출산과 고령화로 인구구조 변화가 사학연금에 위기 요인이라는 사회적인 이슈가 있지만 올해 3월 말 수익률 4.7%로 수익 1조원이 넘었다는 기사를 보았습니다. 사학연금의 미션은 연금기금의 지속성을 확보하고 시대적 흐름을 정확하게 파악하여 안정된 노후를 보장하는 것이므로, 경영기획에 대한 시장환경 동향 파악과 자료조사를 통해 전략목표수립을 세울 수 있어야 합니다. 사학연금은 올해 투자 키워드를 ‘이자율 상품’으로 잡고 사모대출 투자를 확대하는 방안을 검토하는 등 다양한 투자계획을 추진할 전망이라는 기사를 확인하였는데, OO 기관에서 창업기업 지원 사업 업무를 담당했을시에도 코로나로 비대면 상황이 되었을 때 빠르게 디지털DX라는 키워드를 이해하고 사회 현안에 맞게 사업기획보고서를 작성했던 경험이 있습니다. 포괄적이고 객관적인 시각으로 자료를 분석하여 기획 및 예산실적을 관리할 수 있도록 하겠습니다. 또한, 급변하는 금융시장 환경에 기민하게 대응하고, 경영진의 의중을 사업계획에 반영할 수 있도록 조직 이슈에 관심을 갖도록 하겠습니다.","[팀원과 대화를 통한 소통으로 업무 협력을 이끌어내어 갈등 상황을 해결한 경험이 있습니다.]OO기관에서 사업 주관기관으로 근무하였을 당시, 사업 점검은 중간, 최종 점검이 있었고, 수시 점검은 의무사항이 아니었습니다. 하지만 최종 점검에서 최종 결과물인 시제품을 확인하기 전에 수시 점검을 진행해야 하였습니다. 저는 성과 담당자로, 성과 가이드라인 확인 후 팀원에게 수시 점검을 진행하면 좋겠다고 의견을 내었으나 팀원은 코로나 상황에 굳이 일을 만들어서 하지 않아도 된다고 하였습니다. 팀원의 의견에는 공감하지만, 성과측면에서 진행해야되는 일을 대화를 통해 해결하고자 하였습니다. 코로나 상황이면 온라인 점검을 할 수 있는 환경을 회의실에 구축하여 점검을 진행하면 좋겠고 사업을 잘 마무리하기 위해서 수시 점검이 필요할 것 같다는 의견을 내어 동료의 협력을 구할 수 있었습니다. 그 결과 수시 점검을 원활히 진행할 수 있었고 사업종료 후 성과보고서 작성에도 도움이 되어 잘 작성할 수 있었습니다. 이러한 갈등 해결 노하우와 경험을 바탕으로 입사 후, 상황을 확인하고 갈등이 있는 당사자와 대화하여 원만하게 문제를 해결할 수 있도록 하겠습니다.","[정부 지원사업을 통해 얻은 꼼꼼한 업무처리 능력을 사업계획 수립 및 예산관리에 활용하겠습니다.]OO 기관에서 2년의 정부 지원사업 경력으로 꼼꼼한 업무처리를 하여 기관 ‘우수’ 판정의 성과를 낼 수 있었고, 이러한 성과를 바탕으로 전략적이고 분석적인 사고로 사업계획 수립과 예산관리에 활용하겠습니다.정부 지원사업 업무를 통해 예비창업자 발굴부터 선정, 예산 및 사후관리, 홍보, 성과관리까지 진행함으로써 행정 실무 경험을 쌓았습니다. 특히, 사업계획서를 작성하면서 전년도 사업 만족도 조사 결과를 바탕으로 프로그램, 교육 내용을 보완하고 기관 보유 기술과 관련된 특화프로그램을 기획하면서 사업 지속가능성을 고민할 수 있었습니다.그 결과, 2020년 사업에서는 창업기업 40개 사 중 36개 사가 사업 완료 ‘우수’로 사업을 마무리할 수 있었으며 기관 성과평가도 ‘우수’ 판정을 받을 수 있었습니다. 이러한 성과를 통해 사학연금에 입사 후 전략적이고 분석적인 사고로 사업계획 수립 및 예산관리에 활용하겠습니다.","[원칙을 준수하면서 일의 효율성을 위해 전시회 참가 업체의 의견을 경청하여 협력한 경험이 있습니다.]OO기관에서 주관 전시회 준비 업무를 담당했을 당시, 전시 기간 사용할 홍보물을 사무국으로 미리 보내는 건 원칙적으로 불가한 상황이었습니다.행사 전에 참가하는 모든 업체에 박람회 참가 규정을 안내하였으나 A 업체는 전시회 당일에 미리 보낸 홍보물 택배를 부스까지 직접 옮겨달라는 요청을 하였고, 그로 인해 사무국에 있던 직원과의 마찰이 있었습니다. 저는 상황을 잘 해결하여야 다음 박람회 때 A 업체가 다시 참가할 수 있고, 참가하였을 때 불편하지 않겠다고 생각하여 총괄 담당 차장님께 자세한 상황을 전달해 드렸습니다. 그 결과 A 업체를 설득하여 행사 비품을 제공하여 상황을 해결할 수 있었습니다.이 경험을 통해 예상치 못한 상황에서 개방적인 사고로 문제 상황을 해결하는 것도 중요함을 알게 되었습니다. 규정을 준수하는 것은 중요하지만 때로는 상황을 파악하여 이미 발생한 문제를 유연하게 잘 해결할 수 있는 직원이 되겠습니다.","[ 업무 관련 자격증 취득으로 전문성을 강화하고자 노력하여 전문성 부분에서 성장할 수 있었습니다.]공공기관의 창업 지원 부서에서 2년간 근무하면서 창업 지원사업 업무를 수행하며 업무 능력향상과 관련 자격증을 취득하여 전문성을 강화하는 노력을 하였습니다.창업 지원 사업을 하면서 창업기업 관리, 사업 예산 관리, 성과관리, 사후관리, 교육 및 프로그램 진행, 만족도 조사, 보고서 작성 등의 업무를 수행하였습니다.업무 관련 자격증인 ‘창업 보육 전문 매니저’ 자격증을 취득하여 기술창업에 대한 이해와 사업계획 수립과 비즈니스 모델 등 기술창업 실무 관련 지식을 쌓고 업무에 전문성을 강화하였습니다. 또한, 인공지능 기술교육, 사례분석, 창업사업계획서 작성 실습을 통해 ‘인공지능 창업지도사’ 자격증을 취득하여 AI 기반 분야를 이해하고 원활한 사업 지원을 할 수 있었습니다. 이외에도 성공적인 프로젝트 관리를 위해 퇴근 후 직업교육을 이수하여 프로젝트 진행 상황에서 프로젝트의 제반 환경과 내용을 파악할 수 있도록 노력하였습니다.이러한 경험을 통해 업무의 전문성이 향상되고, 가치가 향상되면 기관의 발전뿐만아니라 개인 역량강화에도 도움이 되는 점을 깨달았습니다.",2,77,38.5,8,7,7,7,8,8,8,8,8,8
1,G0100232,사무행정,"[사립학교교직원연금 고갈 이슈 및 수급 이슈]사립학교교직원연금의 최근 가장 큰 이슈라고 한다면 단연 고갈과 수급에 대한 이슈라고 생각합니다. 2020년 사립학교교직원연금공단 5차 제정재계산에 따르면 현행 유지 시 사학연금이 2029년 적자 전환, 2049년 기금고갈이 전망하였습니다. 이에 따라 혹시나 가입자들은 내가 낸 연금을 나중에 받지 못하는 것은 아닌가 하는 불안감에 클 수 있다고 생각합니다.[사립학교교직원 연금 공단에 대한 믿음 전파]사립학교 교직원 연금 공단 설립의 근거는 “사립학교교직원 연금법”이라는 법령에 기초해서 설립되고 운영되고 있습니다. 따라서 운영에 대한 조정은 있을지언정 수급을 받지 못하는 불상사는 국가의 신뢰와 안정성을 걸고 단연코 없다고 생각합니다. 이 같은 믿음을 받들어서 가입자들과 상담 시 수급에 대한 믿음을 줄 것이고, 더 나아가 정부에서 사립학교 연금 고갈에 대한 대책으로 국민연금과 통합을 하거나 부과방식으로 방식을 바꾸는 등의 조치를 할 경우 정책 변경의 취지를 잘 이해하고 이를 상담자들에게 설명하고 설득하는 일에 도움을 주어야 한다고 생각합니다.","[의견 충돌과 토의]저는 조직에서 일을 할 때 어려움을 느꼈던 점 중 한 가지는 상대방과의 의견 충돌이 있었을 때입니다. 제가 군에서 중대장으로 근무하던 당시 행군 관련 코스 선정을 두고 동료 중대장들과 의견을 충돌한 일이 있었습니다. 저는 병사들의 체력과 무더운 날씨를 근거로 능선 코스를 선정할 것을 주장하였고, 동료 중대장은 오랜만에 훈련을 받기 때문에 실전과 같은 훈련으로 전투력을 증진해야 한다는 이유로 계곡 코스를 선정할 것을 주장해 서로 간의 의견 충돌이 있었습니다.[근거에 의한 건전한 토의와 합의]저는 비록 서로의 의견이 다르지만, 서로에게 악감정이 생기거나 의가 상하는 일이 있어서는 안 된다고 생각했습니다. 이를 위해 서로의 의견을 존중하되 유익한 토의를 진행하기 위해 중대장들은 교범을 찾아보고 서로의 근거를 확인하였습니다. 저 또한 ""32도 이상의 무더운 날씨이면 훈련의 강도를 조정할 수 있다.""라는 구체적이고 명확한 근거를 제시하였습니다. 결국 중대장들은 저의 의견에 동의하였고 능선 코스로 훈련을 진행해 다치는 일이 없이 병사들을 안전하게 복귀시켰습니다. 이를 본 대대장님께서도 중대장들의 건전한 토의 문화를 칭찬하셨습니다.","[사학연금의 전사적 행정가가 되기 위한 노력]저의 목표는 사학연금의 전사적인 행정가가 되어 여러 분야에 도움을 주는 직원이 되는 것입니다. 업무의 효율성을 높이기 위해 컴퓨터활용능력 1급 취득하여 엑셀과 엑세스 사용법을 익혔습니다. 또한 고객 상담을 위한 서비스 마인드를 습득하기 위해 CS 리더스 자격증을 취득해 서비스 마인드를 갖추었습니다.경험적 측면에서도 능력을 높이는 것을 게을리하지 않았습니다. 공공기관 인턴 시절 사업자분들을 대상으로 소득총액 신고 독려 상담, 200건에 가까운 융자 심사 상담, 공무직으로 근무하던 당시 100명이 넘는 장애인분들과 대면 상담을 진행하였습니다. 이 과정에서 관련 사업을 공부하였고 국민연금법, 장애인복지법, 장애인 활동 지원에 관한 법률, 소득세법 등 법률에 관한 해석하는 노하우를 얻을 수 있었습니다.또한 업무에 대한 협업을 위하여 구성에 맞는 이메일과 공문 작성을 통해 사내 직원들과 소통하는 방법을 습득하였고, 외부 유관기관에 협조를 구할 때는 외부망을 사용하고 전송 문서에 비밀번호를 설정해 정보 보안을 준수하면서 안전하게 정보를 전달하였습니다. 저는 저의 경험과 능력을 사학연금을 위해 사용하고 싶습니다.","[당장의 이익이 아닌 원칙준수와 큰 그림]제가 중대장으로 군에서 근무할 당시 저의 임무 중 한 가지는 예비군 중대를 운영하는 것이었습니다. 당시 부대에서는 예비군들의 반발을 두려워해 예비군 훈련을 등한시 여기는 분위기가 있었습니다. 특히나 교육 시간에 교육하지 않고 시간만 보내고 허위로 보고하는 등의 행위가 많았습니다. 또한 그런 방식으로 훈련을 진행 할수록 불평이 없어 “일을 잘한다”라는 인식이 있었습니다. 하지만 저는 국가의 녹을 먹는 사람으로서 국가안보 유지와 국민과의 신뢰를 깨는 행위를 해서는 안 된다고 생각했습니다.[원칙과 융통성을 발휘한 업무와 신뢰]이에 따라 저는 예비군훈련을 편법 없이 준비하고 훈련시켰습니다. 교육 시간을 충분히 활용해 교육하고 내용도 취지에 맞게 정석대로 진행하였습니다. 그러자 예비군들은 불만을 드러내고 퇴소 후에는 민원을 넣겠다고 으름장을 넣었습니다. 하지만 저는 이에 굴하지 않되 융통성을 발휘해 훈련 성과가 좋으면 규정에 따라 일찍 귀가시켜 해주겠다고 설득하였습니다. 그 결과 훈련을 만족스럽게 마칠 수 있었고, 훈련이 끝난 후에도 칭찬 민원을 받아 예비군들에게 군에 대한 신뢰를 얻을 수 있었습니다.","[체력적 한계와 이를 이겨내는 마인드]학생 시절 군인이 되고 싶다는 마음에 군에서 주관하는 시험을 치른 경험이 있습니다. 하지만 저는 선천적으로 왜소했고 별명이 멸치였을 만큼 체력이 좋지 않은 몸이었습니다. 3달이 남은 시점에서 체력 시험 과목인 팔굽혀펴기를 7개를 하지 못하였고, 윗몸 일으키기와 3킬로 달리기는 낙제 수준이었습니다. 주변에서는 시간이 촉박하고 불가능하다고 말렸지만 저는 아랑곳하지 않고 된다는 마음을 가지고 계획을 세웠습니다.[꾸준함을 탁월함을 이긴다]매일 3달 동안 주말과 공휴일을 포함하여 단 하루도 쉬지 않고 헬스장에 나와 체력 과목을 운동하였습니다. 또한 중간에 정신력이 나태해지지 않도록 중간 목표를 세워 관리하였습니다. 이에 시험 당일날 체력 시험을 만점을 받고 전체 동기 중에서 최상위권으로 통과할 수 있었습니다. 이를 통해 저는 불가능한 일도 된다는 마음가짐으로 하면 되는 방법이 보이고 꾸준히 하면 뭐든지 수준급에 오를 수 있다는 마음가짐을 가질 수 있었습니다.제가 사립학교교직원연금공단에 입사하게 된다면 제가 가지고 있는 자세와 마인드로 공단의 실적과 명예를 높이는 사람이 되고 싶습니다.",2,77,38.5,7,7,8,8,7,8,8,8,8,8
2,G0100330,사무행정,"저의 최근 관심사는 기금 고갈 문제입니다. 저출산 등의 여파로 공적 연금의 존속 여부가 불투명해졌습니다. 사학연금 역시 우려의 시선을 피하지 못합니다. 폐업하는 사립 학교가 늘고 있기 때문입니다. 이는 곧 가입자의 감소를 뜻하므로 이러한 우려가 터무니없는 것은 아닙니다. 그러나, 대학 부속병원의 직원 수 증가 등의 이유로 기금액은 오히려 2020년보다 2022년에 증가하였습니다. 재정 걱정이 불필요한 것은 아니지만, 가입자들이 상황을 저평가하여 사학연금에 대한 신뢰를 잃고 있다는 것이 문제입니다.저는 이러한 상황을 가입자에게 똑바로 알려 사학연금에 대한 불안감을 줄이고 신뢰도를 높여야 한다고 생각합니다. 그리고 이에 기여하고자 공단의 사무 행정 분야에 지원하게 되었습니다. 사무행정직은 연금에 대한 문의를 가장 먼저 마주하는 직렬입니다. 이때 친절하고 전문적인 응대 능력을 발휘함으로써 가입자로 하여금 사학연금과 공단 전체에 대한 신뢰를 높일 수 있다고 생각합니다. 이 외에도, SNS 카드뉴스 등의 홍보 방식을 적극 활용하여 사학연금의 평가 방식과 기금의 수익률 등의 정보를 제대로 제공함으로써 가입자들의 막연한 불안을 해소하고 싶습니다.","갈등 상황의 이면을 정확히 파악하는 것이 저의 노하우입니다. 이것을 활용하여 피드백을 거절하는 조원과 함께 성공적으로 과제를 마친 적이 있습니다.당시 교수님께서는 과제의 미적 측면을 중시하셨습니다. 하지만 제출 이틀 전, 발표 자료를 담당한 조원은 디자인이 아쉬운 완성본을 보냈습니다. 이때 주제와의 통일성을 고려하여 수정하는 것이 어떤지 물었지만, 조원은 시간 부족을 이유로 거절하였습니다. 하지만 이대로 진행하면 고생한 조 전체가 아쉬운 점수를 받을 수 있다는 생각이 들었습니다.그래서 조원을 설득하고자 전화를 걸었습니다. 열심히 했음에도 수정 요청을 받아 기분이 나빴을 것을 생각하여 먼저 위로를 건넸습니다. 마음을 알아주자, 조원 역시 속상함을 드러내며 자신이 프로그램에 익숙지 않다는 사실을 털어놓았습니다. 이에 제가 어느 정도 프로그램을 다룰 줄 아니 같이 수정할 것을 제안하였고, 함께 한다면 하루 만에도 끝낼 수 있다고 격려하였습니다. 그러자 조원도 수정 요청을 받아들여 다음 날 발표 자료를 함께 완성할 수 있었습니다. 그 결과, 저희 조는 발표 주제와 디자인이 잘 어울린다는 교수님의 칭찬을 받아 과제 점수 만점이라는 좋은 성적을 거두게 되었습니다.","저는 민원 응대 역량에 자신이 있습니다. 가입자들의 문의를 받으며 다양한 민원을 만날 것이라고 예상됩니다. 이때 저의 역량을 발휘하여 마찰을 최소화하고 만족을 제공할 것입니다.일례로, 공공기관의 민원실에서 근무하며 민원인들을 만족시킨 경험이 있습니다. 보험료 증가의 원인을 안내하여야 했으나, 이를 쉽게 이해하지 못하시는 분들이 많아 설명이 길어지고 악성 민원이 발생하기도 했습니다. 따라서 최대한 쉬운 설명 방식을 찾고자 하였습니다. 상담하면서 그림이나 표를 그려 도식화했을 때 더 빨리 이해하시던 것이 생각났습니다. 이에 요율 적용 기간과 금액의 기준 연도를 표기한 최근 5개년의 부과 기준표를 만들어 나눠드렸습니다. 또한, 제도상의 전문용어를 일상에서 자주 사용하는 단어로 치환하여 상담에 활용하고자 하였습니다. 그러자 설명을 반복해서 드릴 일이 줄었고, 어떤 분께서는 표만 받고도 바로 이해하시며 돌아가시는 등 악성 민원이 1/5 정도로 줄었습니다.공적 연금을 관리하는 기관으로서 중요한 것은 연금 가입자들의 신뢰를 잃지 않는 것입니다. 저는 민원 응대 역량을 발휘하여 가입자와 소통함으로써 사학연금의 신뢰도를 높이는 데에 기여하는 직원이 될 것입니다.","계약직으로 근무하면서 개인정보를 보호해야 한다는 원칙과 악성 민원을 방지하여 업무를 원활하게 진행할 수 있다는 효율성 사이에서 갈등한 경험이 있습니다.서류 발급 업무 중엔 서류를 팩스로 보내달라는 요구가 많이 발생하지만, 개인정보가 담긴 서류가 오발송될 여지가 있기 때문에 원칙적으로 불가능합니다. 이를 안내하는 과정에서 민원이 커져 응대 시간이 길어지는 경우가 종종 있었습니다. 모바일 팩스 등의 대안을 안내해 드려도, 연세가 있으신 분들은 오히려 더 화를 내시기도 하셨습니다. 이런 일이 반복되자 원칙을 지키면서도 응대 시간을 줄이는 대안이 필요하다고 생각하였습니다. 이에 주변 문구점과 우체국에 전화를 걸어 팩스 업무가 가능한지, 가격이 어느 정도인지를 문의했습니다. 그렇게 얻은 정보로 민원인들에게 팩스 업무가 가능한 곳과 요금을 추가로 안내해 드렸습니다. 그러자 팩스 불가로 인해 화를 내시는 분들이 일주일에 한 명 정도로 줄어들었고 불필요한 실랑이 역시 발생하지 않았습니다. 수용할 수 있는 대안을 제시하자 민원인 분들도 방침을 수긍하신 것입니다.이처럼 저는 공단에 입사하여서도 원칙과 효율성 모두를 해결할 수 있는 사원이 되도록 노력하겠습니다.","천 리 길도 한 걸음부터. 3년간 독서를 꾸준하게 하며 도출한 교훈입니다. 취업 준비 중 사고력과 어휘력의 중요성을 깨닫고, 개선 방안으로 독서를 택했습니다. 이에 2022년의 목표를 100권의 책을 읽는 것으로 삼았습니다.하지만 그동안 독서 훈련이 부족했던 탓에 한 권의 책을 다 읽지 못하고 중도에 포기하는 경우가 많았습니다. 이를 극복하기 위해 독서 모임을 만들었습니다. 여럿이서 함께 시간을 들이는 것이었기 때문에 기한 내로 읽지 않으면 약속을 지키지 못했다는 죄책감과 다른 사람들에 대한 미안함이 들었습니다. 그렇게 강제성이 부여되며 한 권을 다 읽는 성취를 경험하자 다른 책도 읽을 수 있다는 자신감이 생겼습니다. 추가로, 모임을 통솔하고 일정을 조율하는 역할을 맡으며 의사소통 능력과 대인관계 역량 역시 키울 수 있었습니다.책을 읽기 위해 모임을 만들고 한 해에 131권의 책을 읽어 나갔습니다. 목표를 달성하며 자신감을 얻자, 취업에 관해서도 폭넓게 도전할 수 있었습니다. 이 모든 일이 책의 첫 페이지를 넘기는 것에서 시작되었습니다. 시작이 있어야 끝도 있습니다. 이 경험을 통해 일단은 시작해 보자는 것이 저의 원칙이 되었습니다.",2,77,38.5,7,7,7,8,8,8,8,8,8,8
3,G0100457,사무행정,"초고령화 사회로 빠르게 진입하며 사학연금의 지속 가능성이 사회적 이슈입니다. 사학연금은 교직원들의 노후를 지원하기 위한 제도이지만, 연금 수급자의 증가와 더불어 연금 재정의 안정성 문제가 불거지고 있습니다.제가 지원한 사무행정 직무는 연금의 안정성을 확보하기 위한 전략적 계획을 수립하는 역할을 합니다. 다양한 시나리오를 통해 재정 위험을 관리하고, 수익률을 극대화할 수 있는 다각적인 투자 전략을 개발해야합니다. 또한, 정부 및 관련 기관과의 협력을 통해 재정 지원을 확대하고, 필요 시 제도 개선을 위한 정책 제안도 준비해야 합니다.언론 홍보를 통해 사학연금의 재정 안정성과 관련된 이슈를 투명하고 정확하게 전달하는 것도 중요하다고 생각합니다. 정기적인 보도 자료 배포, 미디어 브리핑, 소셜 미디어 등을 통해 대내외로 신뢰를 구축하고, 연금 기금의 현황과 재정 문제에 대한 이해를 높일 수 있습니다. 직무 수행 시, 이러한 전략으로 연금의 안정성을 관리함으로써 장기적으로 교직원들의 노후를 보장할 수 있는 효과적인 방안을 마련할 수 있다고 생각합니다. 이는 교직원뿐만 아니라 사회 전체의 신뢰를 증진시키고, 사학연금의 지속 가능한 발전을 도모할 것입니다.","명확한 의사소통으로 합리적인 해결책을 제시하는 것이 중요하다고 생각합니다. 700시간의 빅데이터 교육 수료 중, 빅데이터 경진대회에 참여한 경험이 있습니다. 비전공자로 이루어진 팀의 팀장을 맡았고, 컴퓨터언어를 배우는데 어려움을 느낀 2명이 교육과정을 나갔습니다. 팀원들은 담당자분께 한 명씩 다른 팀에 합류하고 싶다고 했지만 거절당했습니다. 불평등한 경쟁 상황에서 불만이 생긴 팀원들과 프로젝트를 진행하는 것은 쉽지 않았습니다. 저는 팀장이라는 역할을 맡고 있었기에 할 수 있는 만큼 최선을 다해보자고 팀원들을 다독였습니다. 저 또한 스트레스를 받았지만 팀원들과 매일 점심식사를 같이했고, 불만사항을 정리하며 해결책을 모색했습니다. 부족한 공부를 보충하고, 프로젝트에 필요한 도움을 받을 수 있는 방법을 찾기 위해 담당 강사님께 직접 부탁을 드려서 스터디 그룹을 만들었습니다. 정규수업이 끝난 후에도 남들보다 더 많은 노력을 통해 개개인의 역량을 키울 수 있었습니다. 노력한만큼 대회에서 높은 평가를 받아 우수상을 수상하기도 했습니다. 이 경험을 바탕으로 공동의 목표를 향해 나아가는 과정에서 발생할 수 있는 다양한 문제를 해결하고, 돕는 방법을 배울 수 있었습니다.","<커뮤니케이션 역량> 제가 가진 차별적인 역량은 커뮤니케이션 능력입니다. 대학 재학 중, 비영리법인의 토지활용방안 컨설팅 프로젝트에 참여한 경험이 있습니다. 컨설팅 대상부지를 분석하고 부동산 시장 동향과 관련 법률을 리서치했습니다. 토지를 최대한 효율적으로 활용할 수 있는 사업추진 방식을 결정하기 위해 용도지역 변경 및 토지의 종상향 가능성과 매각 금액을 검토했습니다. 더 나아가 상생주택사업 참여와 노인복지주택활용 추진방식 별 예상 사업수익과 규모를 검토하고 장단점을 분석했습니다. 컨설팅의 기획부터 분석, 최종 보고서 작성에 이르기까지 전체 과정을 통해, 시간 관리 기술과 이해관계자와의 커뮤니케이션 방법을 배울 수 있었습니다.홈쇼핑회사에서 MD를 하며 이달의 친절 사원으로 뽑힌 경험이 있습니다. 영업 직군에 속하는 일이라 하루에도 다양하고 새로운 사람들을 만나야 했습니다. 성공적인 방송을 위해서는 여러 부서의 협력이 필수였기에 유관부서와 협력업체 사이에서 끊임없이 조율해야 했고, 항상 밝고 긍정적인 모습으로 사람들과 좋은 관계를 유지했습니다. 저의 역량을 바탕으로 회사 내외부의 이해관계자들과 올바른 소통을 통해 업무를 수행하겠습니다.","화장품회사에서의 인턴 첫날, 동기와 화장품의 단상자를 접고 포장하는 일이 주어졌습니다. 약 천 개의 상자를 접어서 원료 부분이 잘못 인쇄된 부분에 스티커까지 붙여야 했습니다. 익숙하지 않은 일이라 생각보다 오랜 시간이 걸리고 목도 부러질 것같이 아팠습니다. 제품 100개가 들어가는 한 박스를 완성한 뒤 저희는 큰 실수를 깨달았습니다. 제품 고정용 골판지가 있다는 사실을 알아채지 못한 채 포장한 것이었습니다. 동기는 고정판을 몰래 챙겨가서 먼 곳에 버리자고 했습니다. 아무도 모를것이며 업무를 완성하는데 집중하자고 제안했습니다. 처음에 많은 고민을 했습니다. 단기적으로 보면 업무를 빠르게 처리하는 것이 효율적인 것처럼 보이나, 장기적인 관점에서 봤을 때 조직의 신뢰와 최종 제품의 품질에 심각한 타격을 줄 수 있습니다. 포장의 완성도가 브랜드 이미지를 고급화시킬 수 있기에 저는 처음부터 포장을 다시 시작하자고 했습니다. 이로 인해 작업 속도가 크게 느려졌습니다. 그러나 제품을 고정한 후 포장을 하니 속도도 향상되었고 업무가 훨씬 쉬워졌습니다. 마감 기한 내에 성공적으로 업무를 마쳤고, 완제품을 본 영업부서 분들이 깔끔하다고 칭찬해주셨을 때 뿌듯함을 느꼈습니다.","저는 블로그를 5년 동안 운영하며 800개가 넘는 포스팅을 작성했습니다. 이 과정은 단순한 글쓰기를 넘어서 디지털 마케팅, 콘텐츠 제작, 사진 및 영상 편집과 같은 다양한 기술을 학습하는 성장의 기회가 되었습니다. 처음에는 취미로 SNS 계정을 만들었습니다. 초기에는 단순히 글을 쓰는 데 중점을 뒀다면, 점차적으로 사람들이 관심을 가질 만한 주제를 선정하고, 검색 엔진 최적화(SEO)를 고려하여 내용을 구성하는 등 보다 체계적인 접근 방식을 익히게 되었습니다. 맛집과 일상 글로 카테고리를 넓혀가며 블로그를 활성화했고 방문자 유입경로를 확인하며 사람들의 관심사가 무엇인지, 어떤 단어로 소통을 시작해야 하는지 분석했습니다. 사진과 영상은 제가 맡을 수 있는 또 다른 포지션입니다. 생동감 있는 영상만큼 효율적인 소통은 없습니다. 영상을 공유하도록 변화하는 플랫폼을 보며 영상 편집 능력을 개발했습니다. 이러한 경험은 제가 다른 모든 영역에서도 유용하게 적용할 수 있는 태도를 지닐 수 있게 만들었습니다. 블로그를 통해 습득한 스킬과 원칙들은 제 직업적인 역량을 강화하는데 큰 도움이 되었으며, 공단의 업무를 수행하는데 있어서도 긍정적인 영향을 미칠 것입니다.",2,77,38.5,8,7,7,7,8,8,8,8,8,8
4,G0100624,사무행정,"[유보통합에 따른 연금 문의 증대 및 인식 개선] 2025년 시행을 앞둔 ‘유보통합’모델은 유치원 외 어린이집 교직원도 사학연금에 가입할 수 있게 되어 중요한 이슈가 될 것입니다. 문제는 이와 관련해 내년 상반기까지 연금수급 문의 급증이 예상되고, 온라인 커뮤니티 내 불명확한 정보로 혼란이 야기되고 있다는 점입니다. 이에 대응하기 위해 입사 후 다음의 노력을 기울이고 싶습니다. 첫째, 사학연금 챗봇에 유보통합 관련 답변을 추가하는 것입니다. 저는 공공기관 챗봇 답변 제작 경험이 있습니다. ‘불법사금융’이 들어간 680여 개 뉴스 데이터를 분석하여 44개의 챗봇 답변을 구성하였고 급증하는 문의에 효과적으로 대응할 수 있었습니다. 사학연금 역시 내부 상담 데이터를 활용해 챗봇 답변을 구성하면 상담 효율을 높일 수 있을 것입니다. 둘째, ‘연고미’ 캐릭터를 활용한 홍보를 진행하는 것입니다. 올해, 사학연금은 홍보 및 보도 기능 강화를 위해 홍보팀을 기획조정실로 이관하고 50주년 캐릭터를 발표했습니다. 해당 캐릭터를 내세워 보육교사 온라인 커뮤니티에 사학연금 수급 관련 콘텐츠를 배포함으로써 친숙함과 연금가입에 긍정적 여론을 형성할 수 있을 것입니다.","[팀 갈등 해결을 위한 뉴스 빅데이터 활용] ‘소상공인과 자영업자 코로나 위기 극복 프로젝트’를 주제로 개최된 광고대회에 참가 중 소상공인 선정 갈등에 직면한 적이 있습니다. 팀원 간 의견이 조율되지 않아 어려움이 있었지만, 이를 극복하고자 뉴스 빅데이터를 분석해 의사결정 과정 중 놓친 사각지대를 찾아보자고 설득했습니다. 처음에는 팀 내 회의적 반응이 가득했으나, 개별적으로 팀원을 만나 설득을 이어갔습니다. 이후 약 6개월 분량의 뉴스 빅데이터를 분석해 뜻밖에 ‘떡집’이라는 키워드를 발견했고, 모두가 의아해하며 조사에 참여하였습니다. 조사 결과, 식품 가공업에 속해 지원금 대상에서 제외되고 돌잔치 행사 취소 등으로 매출액이 30%가량 감소한 상황이었습니다. 해당 상황을 인지 후 저희 팀은 떡집으로 의견을 조율할 수 있었고, 결과적으로 지역 내 11개 팀에 선정될 수 있었습니다. 앞선 경험으로 데이터를 활용해 새로운 의견을 제시함으로써 팀 갈등을 해결하고 더 나은 의사결정을 내릴 수 있다는 점을 깨달았습니다. 또한 소규모 개별적 설득이 더욱 효과적임을 알게 되었습니다. 입사 후에도 해당 노하우를 활용해 팀 내 갈등을 협력으로 바꾸어 가겠습니다.","[PR역량–유튜브 22만 뷰 공공기관 공익광고 제작과 대국민 이벤트 기획 경험] 공공기관에서 소비자보호 업무를 수행하며, 정책금융 이용자 대상 불법중개수수료 예방 공익광고 시나리오를 직접 제작한 경험이 있습니다. “속지말고 숙지하세요” 등 간결하고 쉬운 멘트로 2달 만에 유튜브 조회수 22만 뷰를 달성할 수 있었습니다. 이 외에도 광고론, 소비자행동을 수강하며 배운 지식을 이용해 ‘불법대부광고 신고 이벤트’를 통합마케팅 커뮤니케이션(IMC) 관점에서 기획하였고, 1달간 1,476건의 신고접수를 이끌어 1차 이벤트 대비 2주 짧은 기간임에도 신고 건수를 오히려 38% 증가시킬 수 있었습니다.[PR역량을 활용한 2가지 성과 창출 방안] 첫째, 유튜브 ‘사학연금TV’ 및 SNS 홍보 방안을 기획하겠습니다. 22만 뷰를 기록한 공익광고 시나리오 제작과 공공기관 카드뉴스 제작 경험을 통해 매체별 효과적 PR전략을 수립할 수 있습니다. 둘째, 공단 이벤트 및 설문조사 활성화 방안을 마련하겠습니다. 대국민 이벤트에 사용한 IMC 전략 및 뉴스 데이터 분석역량을 통해 참여율을 높이면서 공단 외부 다양한 피드백을 수렴하여 고객 만족도 향상에 기여하겠습니다.","[민원처리 세칙 제정에 따른 교육자료 제작 고민] 회사 내부직원 대상 교육자료 제작 당시 원칙을 준수하여 부서와 전 직원에 기대 이상의 유익을 가져온 경험이 있습니다. 당시 민원처리 세칙이 새롭게 제정되었고 본사 직원은 CS교육을 할 수 있었지만, 센터 직원은 개별 숙지해야 하는 상황이었습니다. 저는 제정된 세칙을 센터 직원이 쉽게 이해할 수 있는 교육자료를 만들어 배포하는 역할을 맡았습니다. 효율적으로 업무를 수행하려면, ppt와 줄글 형태의 매뉴얼 배포가 적절하였으나, 대민업무가 잦은 센터 직원들이 30여 장 되는 자료를 따로 시간을 내어 숙지하기 어렵고 교육 효과도 떨어질 것이라 생각했습니다. 이에 따라, 손이 많이 가지만 맡겨진 업무의 원칙에 충실하기 위해 2주에 걸쳐 영상으로 교육자료를 제작하게 되었습니다. 20분 안에 핵심적인 내용만 담기 위해서 첫 1주간 세칙 내용 숙지 및 재해석이 필요한 부분은 팀원분들께 피드백을 받았습니다. 이후 1주간은 직접 대본 작성 및 녹음, 영상편집을 거쳐 완성하였습니다. 결과적으로, 교육 영상의 반응이 좋아 센터뿐만 아니라 본사 직원 모두 볼 수 있도록 사내교육 홈페이지에 게시될 수 있었습니다.","10개월 동안 장애학생 도우미 활동을 하며 장애학생의 긍정적 변화를 이끌어 낸 경험이 있습니다. 저는 장애학생의 이동 및 식사 지원, 화장실 이용 등 생활 전반에 걸친 도움을 제공하였습니다. 처음에는 6개월 정도 해봐야겠다는 마음으로 시작했지만, 업무에 보람을 느껴 연장하게 되었습니다. 소통의 어려움을 해소하고자 자주 산책하며 사소한 대화를 이어갔고, 이 과정에서 장애학생이 컴퓨터 활용과 발표에 어려움이 있음을 알게 되었습니다. 이후 장애학생 학습지원실을 이용하여 매주 2시간씩 발표 훈련과 컴퓨터 활용법을 알려주었습니다. 도우미 활동이 끝나갈 무렵, 장애학생은 보조공학기기를 통해 스스로 보고서를 작성할 수 있게 되었고, 심지어 두려워하던 PT발표도 맡아서 진행할 만큼 긍정적인 변화를 이뤄낼 수 있었습니다. 해당 경험을 통해, 누군가를 도울 때 ‘대리자’가 아닌 ‘조력자’가 되어 스스로 문제를 해결할 수 있는 능력을 길러주는 것이 중요하다는 것을 깨달았습니다. 또한, 다른 환경에 처한 사람을 이해하고 효과적으로 소통하는 방법을 배웠습니다. 입사 후에도 조직 내 구성원과 효과적으로 소통하고 팀원 스스로의 역량을 증진시켜주는 협력자로 성장해가겠습니다.",2,77,38.5,8,7,8,7,7,8,8,8,8,8
5,G0100765,사무행정,"<일터 내 재해 예방에 앞장서는 사학연금공단>최근 사학연금공단은 '직무상 재해 예방 우수사례 공모전'을 개최하여 재해 예방의 중요성 인식 제고와 안전한 근무환경 조성을 위해 힘쓰고 있습니다. 또한 우수 사례를 공식 SNS에 게시함으로서 유사기관이 참고할 수 있도록 재해 예방 홍보에 활용하고자 합니다. 근로 현장의 안전 문제에 대한 사회의 관심이 높아지는 현 시점, 모든 일터의 안전 문화 확산을 위해 노력하고 재해 예방의 중요성을 널리 알리려는 사학연금공단의 발자취에 함께 기여하고자 합니다. 저는 00공단에 근무하며 공단 소속 환경직 근로자들의 업무 스트레스 완화 및 안전보건 교육을 담당하였습니다. 근골격계 질환 예방 강좌를 기획 실행하며 내부 고객을 대상으로 한 맞춤형 안전 보건 프로그램의 후속 결과 보고를 통해 교육의 중요성을 인식할 수 있었습니다. 이러한 저의 가치관을 바탕으로 연금사업본부의 복지사업실에 소속되어 고객 맞춤형 생애주기 복지서비스 확대에 참여하고 안정적인 연금 복지 서비스 구현으로 교직원들의 행복 실현에 앞장서는 고객 지향 신뢰인이 되고자 합니다.","<전체적인 사고로 문제의 본질을 파악>저만의 갈등 해결 노하우는 문제의 본질을 빠르게 파악한 뒤 상황별 대응으로 갈등을 해결하는 것입니다. 구성원 간의 대화나 문제 상황의 타임라인 파악을 통해 표면에 드러나지 않았던 본질적인 문제 요소를 찾고 다시 올바른 곳으로 대화를 통해 방향을 잡아가는 방법이 효과적이었습니다.00공단 근무 시, 타부서 동료의 업무가 지금껏 제대로 이뤄지지 않은 것을 발견했습니다. 주기적 확인이 필요한 절차였지만 과다한 업무량을 원인 삼으며 유관 부서의 책임으로 전가했습니다. 이를 해결하기 위해 면담을 나누는 과정에서, 관리 감독을 진행하며 발생하는 불가피한 마찰이나 동료와의 갈등에 대한 두려움이 업무 회피의 진짜 이유였음을 알 수 있었습니다. 저 역시 업무를 수행하며 갈등을 겪어본 적이 있기에 상대를 이해할 수 있었습니다. 지원 부서에서 적극적으로 도울 수 있음을 몇가지 절차 안내와 이에 관한 내규정집 제공을 통해 약속드렸습니다. 또한 고충에 대한 피드백을 적극 수용하여 갈등 발생의 주요 원인 요소 수정을 통해 문제를 해결할 수 있었습니다. 사학연금공단에 입사하여 상호 연관성을 파악하는 전체적인 사고로 문제해결에 기여하고자 합니다.","<실무 경험으로 다져진 홍보 역량>제가 가장 자신있는 직무역량은 사업 홍보 및 PR 환경 분석 능력입니다. 학부 시절 신문방송학개론과 출판편집론 강의를 수강하며 기초지식을 쌓았고 학보사 기자와 다양한 대외활동에 참가해 카드뉴스 제작, 기사 편집, 인터뷰 등을 수행하며 유관 경험을 쌓아왔습니다.이를 바탕으로 00공단에 재직하며 '올바른 생활쓰레기 배출 방법 홍보안' 업무를 맡아 쓰레기 수거 차량의 래핑 기획, 팜플렛 제작 및 지역사회 홍보 캠페인 등을 수행하였습니다. 당시, 홍보물의 주요 내용을 기획하며 타 공단과 유관 부처의 사례를 참고하였지만 홍보의 실효성에 큰 의문이 들었습니다. 이를 해결하기 위해 지역사회 맞춤형 홍보법을 고안해보았습니다. 환경직 근로자들로부터 주요 민원 사항에 대한 의견을 경청하고 이를 통계내어 가장 핵심이 될만한 키워드를 도출하여 콘텐츠를 구성하였습니다. 또한 조직의 이슈를 잘 전달하기 위해 부채 형식의 팜플렛에 픽토그램을 적용하여 홍보 효과를 극대화 할 수 있었습니다. 이러한 기획 능력과 적절한 매체 선정 능력 등으로 사학연금공단 내에서 맡게될 지역사회 내 연금 사업 홍보 활동, 조직의 주요 이슈 PR에 활용하고자 합니다.","<약관 및 지침에 기반한 원칙 준수로 지켜낸 고객 신뢰도>00공사 인턴 업무를 수행하며 약관 및 지침에 기반한 원칙 준수의 태도로 고객 및 이해관계자들의 신뢰도 향상에 크게 기여할 수 있었습니다. 전세임대 계약 연장 업무의 경우, 변경 사항 유무에 관한 고객의 서면 검토가 필요하지만 담당자의 사전 검토가 이뤄진 경우, 이와 같은 과정을 생략하곤 했습니다. 그러나 간혹 유선 상담이 누락되거나 절차가 생략된다는 허점을 악용하는 과거 사례를 민원 편람을 통해 확인할 수 있었습니다. 절차의 생략은 고객 대기 시간을 줄여 업무의 효율을 높일 수 있지만 잠깐의 편의와 관행이 고객에게 부정적 결과로 되돌아올 수 있다는 사실에, 공정하고 객관적인 자세로 신뢰를 쌓고자 근거 규정에 기반한 설명으로 양해를 부탁드렸습니다. 고객 체감 시간이 지체되지 않도록 맞춤형 고객 관리 능력에 노력을 기울여 각 유형별 상담 케이스를 정리한 뒤 필요 DB 관리를 체계적으로 분류하여 적극적인 태도로 업무를 수행하였습니다. 원칙을 준수하는 태도는 공정한 업무 수행으로 이어져 전문성 및 고객 만족도 향상과 정보보호 관련 법규 준수로 기업 신뢰도 증진에 까지 기여할 수 있었습니다.","<중장기적 목표를 위한 세부계획 수립 및 실천의 중요성>학부 시절, ’지역사회를 주제로 한 독립잡지 출판하기‘ 라는 중장기적 목표를 세우고 이를 달성하기 위해 세부적인 계획으로 나눠 결과를 이뤄낸 경험이 있습니다. 글쓰기 훈련과 지역사회에 대한 자료 수집, 출판 편집에 관한 공부를 각각 시기와 단계별로 분류하여 계획을 세운 뒤 이를 다시 연간, 월별, 주간 계획으로 나눠 목표 달성을 위해 지속하였습니다. 책을 읽으며 좋은 문장들을 필사해두고 문예 동아리에 들어가 주제를 정해 글을 쓰고 합평하는 습작 활동을 끄준히 이어갔으며 다양한 대외활동에 참여해 지역사회에 대한 특징과 글이 될만한 주제와 인터뷰를 진행하는 등 잡지 출간을 위한 자료들을 수집했습니다. 또한 출판편집론 강의를 수강하며 출판 실무에 대한 실습을 통해 관련 지식을 학습하였습니다.이러한 중장기적 목표와 세부 계획의 실천을 통해 졸업을 앞두고 지역사회의 청년 창업 가게, 문화시설 등을 소개하는 독립잡지를 출판하였습니다. 목표 달성을 위한 중장기 목표를 세우는 일은 세부 계획의 밑바탕이 되었으며 일정 수립 능력의 향상과 지속할 수 있는 원동력이 된다는 가치를 깨달을 수 있었습니다.",2,77,38.5,8,7,8,7,7,8,8,8,8,8
6,G0101088,사무행정,"[연금 개혁] 국회 연금개혁특별위원회에서 실시된 연금개혁에 대한 공론화 과정에서 사학연금의 지속가능성을 위한 방안에 관심을 가지고 있습니다. 국민의 노후를 위한 연금은 사회보장제도로서 사회 안전망의 중요한 역할을 하고 있다고 생각합니다. 이러한 연금의 고갈을 막고 지속 가능하기 위해서는 정부와 국회 국민들과의 합의를 통해 연금개혁이 필요하다 생각합니다. 사립학교교직원연금공단에 사무행정직으로 입사 후 만약 연금개혁 방안이 정해지고 연금개혁이 진행이 된다면 사회적으로 합의된 개정된 연금제도에 대해 이해 노력을 하여 법률에 기반한 수급자격 및 개시 연령 안내, 연금 수급액 계산과 같은 업무 수행에 중요한 사항들을 숙지하여 사립학교 교직원분들의 정년퇴직 후 노후 생활을 위한 지속 가능한 연금 지원 서비스 제공에 최선을 다하겠습니다. 연금제도가 변경이 되면 정착화되는 과정에서 많은 민원이 발생될 수 있다 생각하지만, 정부와 국회, 국민이 합의한 제도라는 점을 상기하여 공단의 직원으로서 민원 사항을 경청하고 친절한 응대 서비스 제공을 통해 사립학교교직원연금공단 연금사업으로 사립학교 교직원분들의 노후를 위한 지속적인 연금 서비스 제공에 기여하겠습니다.","[양 측을 이어주는 디딤돌] 입사 후 조직 내 갈등 상황이 발생한다면 '양 측을 이어주는 디딤돌' 역할을 하여 갈등을 해결하도록 하겠습니다. OO 유통센터에서 주유소 사무관리 업무를 맡았을 때, 주유 조장님 등 현장 인원들과 사무실 직원들과 저하된 관계를 개선하는 데 기여했던 경험이 있습니다. 당시 주유 조장님께서는 근무 스케줄에 불만을 호소하던 주유 담당 직원들의 입장을 사무실에 대변해 주시곤 하셨습니다. 그러나 언성이 높아지던 경우도 발생하며, 주유 현장과 사무실 사이에 '마음의 벽'이 생기고 말았습니다. 이에 저는 먼저 주유 소장님과 사무실 직원들을 직접 찾아뵙고 각자의 이야기를 들어보았습니다. 늘 가지고 다니던 노트 한편에 현장의 인원들이 만족할 수 있는 '근무 환경 개선안'을 적어 두거나, 스케줄 편성에 대한 사무실의 고충 또한 함께 기록하였고 모두가 함께 모일 수 있는 자리를 마련하여 서로 간의 원활한 의견 조율을 한 후에 근무 시간을 6구간 교대 근무조에서 4구간으로 간소화하고 일일 세차 담당 직원은 1시간 세차 후 휴식을 30분 보장하는 안을 마련하여 기존 대비 근무 만족도를 92%까지 높여낼 수 있었습니다.","[782건의 민원 대응, 고객 관리의 교과서] 공공기관 근무 과정에서 도합 782 건의 민원 응대를 진행하며, 다양한 사례 해결 경험을 통해 신속 정확한 맞춤형 민원 응대가 가능한 직원으로 거듭났습니다. 공공기관 인턴 및 소득 조정 상담사 경험을 통해 782건의 고객 상담 및 민원 응대를 하면서 아래와 같은 노력으로 역량을 쌓았습니다. 첫째, 민원 처리 내용과 개선 사항을 작성한 업무 성과표를 제작했습니다. 둘째, 업무 성과표를 기반으로 고객 성향별 적합한 대응 방법에 대한 인사이트를 확보했습니다. 마지막으로 업무용 정보시스템 활용, 문서 출력, 정리 및 보관 등의 업무 역량이 크게 향상되었습니다. 이러한 노력을 기반으로 사무 행정직의 주요 역량인 친절하고 맞춤형 민원 사무 처리와 사립학교 교직원 연금 관리에 관한 문의 사항에 대해 상담을 통해 민원 고객분들에게 업무 처리 만족을 이끌어 내어 사학연금 민원 행정서비스 향상에 기여하는 조직원이 되겠습니다. 또한 개인정보 보호 예방 규정을 준수하고 주어진 역할에서 전문성을 기반으로 공단의 체계 개선에 도움이 되는 직원이 되겠습니다.","[서비스에 대한 양심: 품질과 매출 사이, 소리 없는 아우성] 저는 대형마트 농산팀 매장관리로 근무하면서 다양한 업체들을 선정하는 과정에서 서비스에 대한 양심을 지켜낸 경험이 있습니다. 업무 인수인계받는 과정에서 특정 업체는 근무하던 대형마트의 지인이 운영하는 업체로 딸기를 경쟁업체 대비 6% ~ 8% 정도 저렴하게 공급받을 수 있다는 달콤한 제안을 듣게 되었습니다. 효율성 향상과 높은 영업이익, 매출을 위해 첫 3 주 동안 지인 업체의 딸기를 발주하였습니다. 하지만, ""세상에 공짜는 없다""라는 말이 있듯이, 재고 점검을 위해 확인해 본 결과 해당 딸기는 품질적으로 결코 우수하지 못하였습니다. 우수한 품질의 딸기를 고객에게 제공하고자, 이러한 품질 이슈를 팀장님께 보고 후 공정한 과정에서 공급처를 선정 및 비딩을 진행하였습니다. 이러한 공정한 과정으로 선출한 딸기는 결국 우수한 품질을 자랑하며 많은 고객의 구매를 유도하였으며, 기존 딸기 대비 25% 높은 판매량을 기록하였습니다. 공정한 과정을 통해 얻은 결과는 내실 있고 탄탄한 결과를 제공하는 것을 배웠습니다. 앞으로도 늘 공정한 과정을 거쳐 공공의 이익을 위해 최선을 다하겠습니다.","[자격증 공부 및 개인 프로젝트 경험] 학교교육을 통해 프로그래밍과 데이터베이스, 네트워크, 정보 보안에 대한 이론학습 실습을 하면서 IT에 대한 기초지식을 쌓을 수 있었고 기사 자격증 취득 과정에서 C언어에 대한 이해와 JAVA와 Python 기능학습 및 실습을 통해서 프로그래밍 언어에 대해 심층적으로 공부하여 개발 역량 향상에 필요한 지식을 쌓기 위해 노력하였습니다. 프로젝트 경험이 필요하다고 판단하여 강의를 통해서 개발 역량 향상을 위한 교육과 Pharmacy-Recommendation라는 자바, 스프링 기반의 카카오 주소 검색 API와 공공데이터를 활용한 약국 추천 서비스 개인 프로젝트를 하였습니다. 추천된 약국의 길 안내는 K사의 길 찾기 및 로드뷰 URL로 제공되었고 키워드 장소 검색 API를 이용하여 약국 외에 편의점, 지하철역, 음식점 등 다른 도메인으로 적용이 가능한 서비스를 구현하였습니다. 자격증 취득과 프로젝트 개발 과정에서 시간이 걸리더라도 정도를 걷는 게 합격에 도움이 된다는 점과 끈기라는 강점을 발견할 수 있었고 서비스 구현을 위해 노력한 점에서 개발 역량 향상을 위한 좋은 경험이 되었다고 생각합니다.",2,77,38.5,7,8,7,7,8,8,8,8,8,8
7,G0100154,사무행정,"최근 학령인구 감소에 따른 사학연금의 재정적 지속가능성과 폐교 교직원에 대한 연금지급 문제에 대해 가장 관심을 가지고 있습니다. 현재 우리나라는 심각한 저출산 문제로 인해 학령인구가 빠르게 감소하고 있습니다. 이에 따라 사립학교 교직원 수도 함께 감소하고 있어 매년 가입자 수는 소폭 증가하고 있지만 퇴직연금 수급자의 경우 큰 폭으로 증가하고 있기에 교직원의 경제적 생활 안정에 기반이 되는 사학연금의 재정 건전성에 위협이 되고 있습니다.또한, 학령인구 감소로 인한 사립학교의 폐교율 증가는 추가적인 재정 건전성 악화 요인으로 작용될 수 있습니다. 현재 사립학교가 폐교하는 경우 해당 학교에 재직 중이던 교직원은 연령과 무관하게 연금수급이 개시됩니다. 보험료를 더 내지 못하고 30대, 40대에 연금을 개시하는 교직원이 증가하고 있기 때문에 사학연금의 지속가능성을 높이기 위해서는 교직원의 조기 연금수급 문제에 관한 논의가 필요합니다.공단은 이와 같은 상황에 대응하기 위해서 안정적인 기금운용을 통해 지속적인 수익을 발생시켜야 합니다. 사학연금법에 따라 연기금의 재정상태를 지속적으로 진단하고 이를 바탕으로 재정안정화 대책 마련에 최선을 다해야 합니다.","OO초등학교 행정실 근무 시 동료와 교차 검수 방식을 놓고 발생한 이견을 예리한 관찰과 설득력을 통해 갈등을 해결했던 경험이 있습니다. 당시 2인 1조로 교직원들의 연차수당 및 퇴직금 자료가 정확하게 계산되었는지 교차 검수하는 업무를 맡았습니다. 해당 자료는 행정실 전체 업무에 사용되는 중요한 자료로 수기 검산을 통해 정확성을 올려달라는 조직원들의 요구가 있었지만, 동료는 엑셀에 자동계산식이 적용되어 있고 마감 기한이 촉박하니 계산식이 올바르게 입력되어 있는지만 간단하게 확인하자고 강하게 주장했습니다.따라서 저는 동료가 왜 그런 의견을 냈는지 파악해보려 했습니다. 최근 동료는 예산 수립 업무를 갑작스럽게 맡게 되어 업무가 과중되었고, 본인의 업무 마감 기한이 다가오면 늘 불안해하는 모습을 관찰할 수 있었습니다. 그래서 동료에게 이 자료는 1년 내내 사용될 테니 지금 정확히 검수해 놓으면 매월 급여작업 시 시간이 매우 단축될 것이라고 설득했습니다. 그 결과 동료는 제 의견에 긍정적인 반응을 보이며 동의했고, 함께 검수 작업을 정확히 끝낼 수 있었습니다.입사 후 조직 내 갈등상황이 발생한다면 저의 관찰력과 설득력을 통해 갈등문제를 대처할 것입니다.","제가 가장 자신 있는 직무역량은 '예산관리'와 '경영평가'입니다. 정부출연기관의 예산부서에서 출연금 집행 데이터 관리 경험을 바탕으로 예산 편성 및 집행 실적 분석 능력을 키우고, 전산회계 1급 자격증을 취득하며 재무회계의 전문성 개발해 왔습니다. 또한, OO초등학교에서 학교회계 세출 집행을 담당하면서 예산 소요를 분석하는 능력을 키웠습니다. 사학연금공단에서 인턴으로 근무하면서 TP나누리봉사단 사업과 퇴직연금설명회의 모니터링 및 사후관리를 지원했던 경험을 바탕으로 교직원과의 소통을 통해 커뮤니케이션 스킬을 습득하고 교직원의 피드백을 통해 문제점을 개선하며 경영평가 역량을 키웠습니다.위에서 언급한 역량은 사무행정직으로서 예산, 경영평가 업무들을 수행하기 위해 반드시 필요한 역량이라고 생각합니다. 공단은 현재 학령인구 감소로 인한 사립학교 폐교율 증가로 인해 부담금 징수 리스크가 커져 체납관리의 중요성이 커지고 있으며, 교직원의 복지 향상을 위해 현장복지서비스, 맞춤형 대여서비스 등에 성과를 창출하기 위해 노력하고 있습니다. 제가 가진 역량을 바탕으로 부담금 징수 리스크를 최소화하고, 연금수급자의 복지수혜를 최대화하는데 기여하고 싶습니다.","교직원 급여 지급 과정에서 발생한 원칙 준수와 일의 효율성간의 갈등에서 원칙을 준수하여 상위기관의 근거자료 요구에 적절히 대응했던 경험이 있었습니다. 당시 저는 초등학교 행정실에서 단시간 근로자의 급여 작업을 수행하고 있었습니다. 그러나 근태기록을 확인하는 과정에서 교내 단시간 근로자들이 행정실과 상의 없이 정해진 출퇴근시간을 스스로 조정하여 근무하고 있다는 관행을 알게 되었습니다. 근무 시간 자체는 이상이 없었기에 이전 담당자가 작업한 대로 급여를 지급한다면 급여 지급 업무를 빨리 끝낼 수도 있었지만, 학생들과 학부모가 지켜보는 학교에서 이러한 근태상황이 지속된다면 교직원들의 신뢰도가 내려갈 수도 있다고 판단하여 이를 바로 잡아야 한다고 생각했습니다. 따라서 해당 교직원에게 출퇴근 시간을 준수해 줄 것을 요구하고, 그들의 정확한 근태 기록을 자료로 정리했습니다. 추후 교육청에서 인건비 요구서 송부시 근거 자료를 첨부하라는 지시가 내려왔고 추가적인 소명 없이 적절히 대응할 수 있었습니다. 사학연금공단의 사무행정직은 기준에 따라 경영평가를 하고 급여지급을 수행하기 때문에 원칙 준수가 중요한 부분이며, 저는 이에 적합한 인재라고 생각합니다.","사학연금공단 부산센터에서 인턴으로 근무했던 당시, 외국인 고객을 응대하는 과정에서 스스로 느꼈던 부족한 점을 자발적으로 개선하여 고객관리 업무 역량과 외국어 능력을 강화시켰던 경험이 있습니다당시 외국인 고객에게 자금대여 신청서 작성에 대해 영어로 안내하는 업무를 맡았습니다. 안내를 진행하는 과정에서 소통에는 전혀 문제가 없었으나, 교직원이라는 고객 특성상 일상적인 회화 방식보다 비즈니스에서 사용하는 회화 표현을 사용하여 고객 응대 방식을 개선시킬 수 있다면 고객만족도를 더욱 높일 수 있다고 생각했습니다. 따라서 인턴 근무 기간 동안 영어스터디를 통해 퇴근 후 주 3회씩 비즈니스 영어 회화를 배우기 시작했습니다. 여기서 배웠던 표현을 외국인 교직원과의 응대상황에서 직접 적용시켜 보며 고객 응대 능력을 향상시켰습니다. 또한, 이를 바탕으로 향상시킨 외국어 능력을 조금 더 전문화시키기 위해 토익스피킹 시험을 준비했고, 추후 AL이라는 높은 점수를 취득할 수 있었습니다. 이를 계기로 현재에 안주하지 않고 부족한 부분을 끊임없이 돌아보며 개선해 나간다면 부족했던 부분이 오히려 자신의 역량을 향상시킬 수 있는 변곡점이 될 수 있다는 것을 배우게 되었습니다.",2,76,38,7,7,8,7,8,8,8,8,7,8
8,G0100981,사무행정,"최근 인터넷 기사에서 사학연금에서 공공기관 최초로 인공지능(AI) 기술을 활용한 안부전화 서비스 사업을 추진한다는 내용을 보았습니다. 고령의 연금수급자 및 교직원 부모님을 대상으로 하는 만큼 사학연금의 AI 안부전화 서비스 사업은 고령 사회의 변화에 적응한 맞춤형 복지 서비스라고 생각합니다. 해당 사업 내용은 사무행정 분야에서 다양한 면에서 지원할 수 있을 것이라고 생각합니다. 저는 경영지원 업무를 수행하며 130여 개 검사의 인세 정산을 담당하며 정확한 금액 계산과 신속한 처리를 통해 업무 효율성을 높였습니다. 또한, 데이터 분석 도구를 활용하여 고객 정보를 분석하고 정리하여 고객 맞춤형 서비스 제공하였고, 고객의 다양한 데이터 중 필요한 정보를 파악해 정리·활용하는 방법을 터득했습니다. 이러한 역량을 활용하여 서비스 이용 현황, 이용자 만족도 등의 데이터 분석 결과를 활용하여 서비스 개선 방안에 노력하겠습니다. 또한, 공공기관에서의 민원 업무 경험을 살려 다양한 고객 문의를 신속하게 지원하겠습니다. 저는 사학연금의 AI 안부전화 서비스 사업이 앞으로 더욱 발전하여 다양한 공공기관 및 민간 기업에서 모범 사례로 활용될 수 있도록 노력하겠습니다.","업무 관점이 다소 보수적이었던 동료와 과업을 원활히 수행한 경험이 있습니다. 한 공단에서 신속한 민원 처리가 중요한 프로젝트성 업무를 맡았습니다. 업무 지연이 생길 시 고객 민원으로 즉각 이어지는 상황이었기 때문에 무엇보다 변수에 대한 신속한 대처가 필요한 상황이었습니다. 그러나 동료는 새로운 시스템을 배우는 데 시간이 너무 많이 걸릴 거라며 변화에 대한 부담감을 표출하였습니다. 이로 인해 업무 일정과 우선순위에 대한 의견 충돌이 발생하며 어려움이 생겼습니다. 저는 공통 목표 달성에 대한 열정을 공유하며 서로의 입장을 경청하고 공감하려 노력했습니다. 동료는 새로운 시스템에 대한 두려움을 털어놓았고, 저도 과거에 같은 두려움을 극복하고 성장했던 경험을 공유하며 격려했습니다. A 업무는 기존 방식대로 진행하고, B 업무는 새로운 방식으로 시도하며 상황에 따라 유연하게 조정했습니다. 위와 같은 노력으로 동료와의 협력을 성공적으로 이끌어낼 수 있었습니다. 또한, 업무 진행 중 발생하는 문제점을 함께 논의하고 해결 방안을 모색하였습니다. 이런 협력에 대한 결과로, 800건의 민원을 빠른 시간 안에 처리할 수 있었습니다.","사무행정 업무는 경영목표를 효과적으로 달성하기 위해 경영기획, 예산 관리, 의사소통 능력이 중요합니다. 저는 공공기관에서 내방 민원 및 전화 민원을 처리하면서, 고객의 요구를 파악하고 이를 해결하기 위한 의사소통 능력을 쌓아 왔습니다. 또한, 사업 운영을 하면서 다양한 이해관계자와의 원활한 소통을 통해 업무를 효율적으로 수행했습니다. 이러한 경험은 내외부의 다양한 이해관계자와 원활한 소통을 통해 업무를 효율적으로 수행하였습니다. 이러한 경험은 내외부의 다양한 이해관계자와 원활한 소통을 통해 경영일반 업무를 수행하는 데 도움이 될 것이라고 생각합니다. 또한, 보험료 조정 및 경감, 팩스 접수 및 처리, 내방 민원 및 전화 민원 업무를 수행하면서, 다양한 업무를 효율적으로 처리하는 능력을 쌓아 왔습니다. 특히, 경영지원 업무를 하면서 고객 이용 분석을 통해 구매 홈페이지를 개선하고, 매출채권 관리를 통해 대략 1억 원의 미수금을 정리하는 등의 성과를 거두었습니다. 저는 이러한 경험을 살려 예산 관리, 회계 업무, 그리고 데이터 분석 능력을 바탕으로, 관련 부서운영에 필요한 데이터를 확인하고 분석하여 업무의 효율을 높이는데 기여하겠습니다.","책임감과 윤리적 의식을 바탕으로 온라인 코드 지급 시스템을 개선하기 위해 노력한 경험이 있습니다. 온라인코드 상품은 원칙상 지급여부를 확인 후 일회성 지급만 가능했지만, 내부 관리 기준이 없다 보니 직원별로 응대가 달라 고객 불만이 많았습니다. 직원들은 고객 불만을 피하기 위해 확인 절차 없이 무조건 코드를 지급하는 경우가 많았습니다. 만약 저도 확인 절차 없이 무조건 지급했다면, 고객으로부터의 불만을 피하고 신속하게 업무 처리를 할 수 있었을 것입니다. 그러나 무분별한 지급은 단기적으로는 편리할 수 있지만, 결국 매출 감소와 고객 불만 증가로 이어져 회사 신뢰도를 떨어뜨릴 수 있다고 판단했습니다. 따라서 고객 사용 패턴 분석과 유형별 분류를 통해 지급 기준을 명확하게 하고, 고객에게 공정하고 투명한 서비스를 제공하고자 노력하였습니다. 고객 이해를 높이기 위해 검사 시 알림 창을 통해 지급 방식을 명확히 안내했습니다. 또한 내부적으로는 아이디 마킹 시스템을 도입하여 업무 효율성을 높였습니다. 이를 통해 고객 불만은 50% 이상 감소하여 이전 대비 절반 수준으로 줄어들었고, 내부 업무 효율성도 크게 향상되었습니다.","한 협회에서 근로자지원 사업을 운영할 때 다양한 직종의 담당자와 소통해야 했습니다. 소통을 하다 보니 조직에 따라 중요하게 생각하는 것도 다르고, 모든 니즈를 파악하기는 쉽지 않았습니다. 이를 위해 상대방을 이해하고, 의도를 잘 전달할 수 있는 고객 상담 전문성을 키우기로 다짐했습니다. 상담심리학회 세미나에 주기적으로 참여하여 다양한 사례를 보고 익히며 대처방안을 배웠고, 협회 내 상담사 수련 과정인 슈퍼비전을 운영하며 상담 기술에 대한 조언도 받았습니다. 또한, 조직 문화와 특성을 반영한 맞춤형 프로그램 개발하였고, 스트레스 관리 이벤트를 통해 직원들의 흥미를 가질 수 있는 프로그램도 제공하였습니다. 이러한 노력으로 만족도 조사 결과, 4.5점 만점 중에 4.3점을 받을 수 있었습니다. 또한, '프로그램 참여 후 스트레스 관리에 도움이 되었다', '상담을 통해 어려움을 극복할 수 있었다'. 등의 긍정적인 피드백도 받을 수 있었고, 80%의 고객사와 재계약하는 성과를 이루었습니다. 이런 경험은 제게 새로운 도전을 두려워하지 않고 끊임없이 성장하는 자세의 중요성을 다시 한번 일깨워주었습니다.",2,76,38,8,7,7,7,8,8,8,7,8,8
9,G0100044,사무행정,"제가 관심을 갖고 있는 사학연금 관련 사회적 이슈는 크게 2가지입니다. 첫째, 교권 이슈입니다. 작년부터 악성민원으로부터 교사를 보호하기 위한 교권 보호제도 개선이 촉구되고 있습니다. 이와 관련하여 교직원들의 교권 침해로 인한 피해를 보상받을 수 있도록 재해보상 및 복지 서비스에 대한 중요성이 더욱 커지고 있는데 사학연금공단이 그 역할을 수행하며 교직원의 복리 향상에 기여하고 있습니다. 공단은 재해보상 급여제도를 운영하고 있어 요양 중인 교직원이 재해로 인해 심리 상담을 받은 경우 심리상담비를 제공하고 있으며 제휴복지 서비스를 통해 무료 법률상담을 받을 수 있도록 하고 있습니다. 저 역시 급여 지급 업무 및 교직원 복지 사업 업무를 수행하며 고객 맞춤형 제휴 복지 서비스 확대로 교직원의 복지향상과 행복실현에 기여하고 싶습니다. 둘째, 기금운용 이슈입니다. 작년, 사학연금은 역대 최고의 기금운용 수익을 달성했습니다. 기금 고갈에 대한 우려가 있는 상황에서 이러한 성과는 기금고갈 시점이 늦춰지는 결과를 내었습니다. 이와 같은 성과가 계속되도록 안정적인 기금 운용 사업을 위한 계획을 수립, 분석함으로써 기금의 수익성 강화와 재정 안정성에 기여하겠습니다.","조직갈등 해결은 합의가 이루어지도록 조정하는 과정이라고 생각합니다. 그리하여 저는 절충안을 제시함으로써 갈등 당사자들을 설득하는 것이 가장 효과적이었습니다. 이러한 노하우를 통해 인턴 당시, 캠페인 UCC 제작 팀프로젝트 중 발생한 갈등을 해결했던 경험이 있습니다. 팀원 대부분은 홍보 효과를 위해 유머코드를 넣은 새로운 컨셉을 시도하려고 하였습니다. 하지만 몇 팀원들은 이전 제작 사례처럼 정적이고 차분한 컨셉의 영상 제작을 주장하여 의견이 갈렸습니다. 기한 내에 영상을 완성하기 위해서는 빠르게 영상 컨셉을 정해야 했습니다. 이를 위해 저는 먼저 회의 중 나온 아이디어를 종합하여 요약서를 만들고 상사분들께 피드백을 부탁드린 뒤 새로운 컨셉이 더 신선했다는 평가를 받았음을 팀원들에게 전달하였습니다. 또한 유머코드를 넣은 영상 컨셉으로 진행하지만 후반부에 캠페인의 내용을 전체적으로 요약하는 텍스트를 삽입하여 차분하게 마무리하는 절충안을 제안하였고 이에 모든 팀원들의 동의로 협업하여 진행한 결과 기한 내 영상 제작을 마칠 수 있었습니다. 결국 영상이 좋은 평가를 받아 사내 공모전에 출품하였고 인턴으로 구성된 팀으로서는 유일하게 수상하는 성과를 얻을 수 있었습니다.","제가 가장 자신 있는 역량은 PR 역량입니다. 재학시절 미디어 마케팅 수업을 이수하며 설득 커뮤니케이션, 뉴미디어와 다양한 콘텐츠를 활용한 마케팅 등 PR 이론 지식을 쌓았습니다. 또한 대외활동과 다수 서포터즈, 인턴 경험을 거치며 PR 실무 역량도 갖추었습니다. 대외활동을 통해 공공기관의 정책을 SNS에 홍보하는 임무를 맡았습니다. 초반에 홍보 효과가 낮아 이를 개선하기 위한 저만의 차별화된 콘텐츠를 제작한 결과, 게시 조회수가 20배 이상 증가하는 효과가 있었습니다. 인턴 근무 당시에는 기업의 홍보 캠페인 영상 제작 프로젝트에 참여하였습니다. 새로운 컨셉의 영상을 기획하며 촬영 현장 및 인터뷰어 섭외, 영상 편집 등을 담당하였고 PR 업무에 필요한 상황별 대응능력, 새로운 콘텐츠 제작 능력 등을 기를 수 있었습니다. 또한 PR이란 불특정 다수를 대상으로 하므로 다양한 사람의 피드백을 적극적으로 수용하였습니다. 사학연금공단에서도 PR 업무는 필수적일 것이라고 생각합니다. 저의 역량을 바탕으로 교직원의 복지 향상을 위한 사학연금공단의 다양한 사업 및 이슈를 홍보하여 공단에 대한 긍정적인 이미지를 형성하고 신뢰성을 제고하는데 기여하는 직원이 되겠습니다.","저는 효율성보다 정직과 원칙준수를 우선했던 경험이 있습니다. 공공기관 서포터즈로서 기관 정책 홍보 콘텐츠를 제작하여 SNS에 게시하는 역할을 맡았습니다. 본인이 콘텐츠를 제작해야했지만 우수활동자 선정에는 SNS 게시물의 수가 큰 비중을 차지했기에 대부분 서포터즈원들은 기관이 제작한 콘텐츠를 그대로 활용하는 경우가 많았습니다. 제작 시간이 소요되지 않아 더 많은 콘텐츠를 업로드할 수 있기 때문입니다. 하지만 이러한 방식은 접근성 높은 콘텐츠를 제작하여 많은 국민들에게 정책 정보를 전달하고자 하는 활동 목표에 부합하지 않으며, 서포터즈의 존재 의미가 없게 된다고 생각했습니다. 그리하여 저는 먼저 사람들이 기관 정책을 간편하고 쉽게 읽어볼 수 있도록 핵심 내용만 짧게 요약하여 가독성을 높였습니다. 또한 눈에 띄는 디자인의 템플릿과 이미지를 활용하여 시각효과를 높였습니다. 이로 인해 다른 서포터즈원들에 비해 많은 게시물을 업로드하진 못했지만 제가 제작한 콘텐츠를 통해 몰랐던 정책에 대해 자세히 알 수 있었다는 피드백들을 받으면 큰 보람을 느낄 수 있었습니다. 이처럼 입사 후에도 정직과 원칙준수를 제일 중요한 가치로 여기며 공단의 신뢰성을 제고하는 직원이 되겠습니다.","역에서 안내 아르바이트를 하던 당시, 꾸준한 노력으로 외국인 응대역량을 개선했던 경험이 있습니다. 처음엔 영어로 응대하는 것이 익숙하지 않아 긴장하며 자신감 없는 태도로 응대하게 되었고, 이로 인해 소통오류도 발생할 수 있기에 개선 필요성을 느꼈습니다. 직원분께 상담을 요청하자 영어로 말해야하는 환경에 자주 노출되면 괜찮아질 것이라는 피드백을 주셨습니다. 이를 위해 먼저 원어민 강사가 진행하는 회화 수업을 수강하며 영어로 말해야하는 환경에 익숙해지고 두려움을 없애는 연습을 하였습니다. 또한 고객들에게 받았던 빈도 수 높은 질문들을 정리하여 답변에 필요한 표현들을 학습하고, 스크립트를 작성하며 반복하여 연습하였습니다. 나아가 영어 스피킹 시험에서 높은 등급을 받는 것을 목표로 하여 학습한 결과 목표를 달성하며 자신감을 얻을 수 있었고, 이러한 노력 끝에, 외국인 고객분들을 능숙하게 응대할 수 있게 되었습니다. 이를 계기로 약점도 개선 의지를 가지고 꾸준히 노력한다면 본인만의 강점으로 승화시킬 수 있다는 것을 깨달았습니다. 문제 개선 의지를 갖고 꾸준히 노력한다면 더 나은 미래를 만들 수 있다는 믿음을 바탕으로 성장하는 사학연금공단의 직원이 되겠습니다.",2,76,38,7,7,7,7,8,8,8,8,8,8